
chdir(/home/andrey/proglog-rs)
chdir(vim/)
chdir(/home/andrey/proglog-rs)
chdir(/home/andrey/proglog-rs)
chdir(vim/)
chdir(/home/andrey/proglog-rs)
chdir(/home/andrey/proglog-rs)
chdir(vim/)
chdir(/home/andrey/proglog-rs)
chdir(/home/andrey/proglog-rs)
chdir(vim/)
chdir(/home/andrey/proglog-rs)
chdir(/home/andrey/proglog-rs)
chdir(vim/)
chdir(/home/andrey/proglog-rs)
chdir(/home/andrey/proglog-rs)
chdir(vim/)
chdir(/home/andrey/proglog-rs)
chdir(/home/andrey/proglog-rs)
chdir(vim/)
chdir(/home/andrey/proglog-rs)
chdir(/home/andrey/proglog-rs)
chdir(vim/)
chdir(/home/andrey/proglog-rs)
chdir(/home/andrey/proglog-rs)
chdir(vim/)
chdir(/home/andrey/proglog-rs)
chdir(/home/andrey/proglog-rs)
chdir(vim/)
chdir(/home/andrey/proglog-rs)
chdir(/home/andrey/proglog-rs)
chdir(vim/)
chdir(/home/andrey/proglog-rs)
chdir(/home/andrey/proglog-rs)
chdir(vim/)
chdir(/home/andrey/proglog-rs)
chdir(/home/andrey/proglog-rs)
chdir(/usr/local/share/nvim/runtime/)
chdir(/home/andrey/proglog-rs)
sourcing "/usr/local/share/nvim/runtime/ftplugin.vim"
finished sourcing /usr/local/share/nvim/runtime/ftplugin.vim
chdir(/home/andrey/proglog-rs)
chdir(/usr/local/share/nvim/runtime/)
chdir(/home/andrey/proglog-rs)
sourcing "/usr/local/share/nvim/runtime/indent.vim"
finished sourcing /usr/local/share/nvim/runtime/indent.vim
chdir(/home/andrey/proglog-rs)
chdir(/etc/xdg/nvim/)
chdir(/home/andrey/proglog-rs)
could not source "/etc/xdg/nvim/sysinit.vim"
chdir(/home/andrey/proglog-rs)
chdir(/usr/local/share/nvim/)
chdir(/home/andrey/proglog-rs)
could not source "$VIM/sysinit.vim"
chdir(/home/andrey/proglog-rs)
chdir(/home/andrey/.config/nvim/)
chdir(/home/andrey/proglog-rs)
sourcing "/home/andrey/.config/nvim/init.lua"
chdir(/home/andrey/proglog-rs)
chdir(/home/andrey/.config/nvim/)
chdir(/home/andrey/proglog-rs)
chdir(/home/andrey/proglog-rs)
chdir(/home/andrey/.local/share/nvimlazy/lazy.nvim/lua/lazy/core/)
chdir(/home/andrey/proglog-rs)
chdir(/home/andrey/proglog-rs)
chdir(/home/andrey/.local/share/nvimlazy/lazy.nvim/lua/lazy/core/)
chdir(/home/andrey/proglog-rs)
chdir(/home/andrey/proglog-rs)
chdir(/home/andrey/.local/share/nvimlazy/lazy.nvim/lua/lazy/core/)
chdir(/home/andrey/proglog-rs)
chdir(/home/andrey/proglog-rs)
chdir(/home/andrey/.local/share/nvimlazy/lazy.nvim/lua/lazy/core/)
chdir(/home/andrey/proglog-rs)
chdir(/home/andrey/proglog-rs)
chdir(/home/andrey/.local/share/nvimlazy/lazy.nvim/lua/lazy/core/)
chdir(/home/andrey/proglog-rs)
chdir(/home/andrey/proglog-rs)
chdir(/home/andrey/.local/share/nvimlazy/lazy.nvim/lua/lazy/core/)
chdir(/home/andrey/proglog-rs)
chdir(/home/andrey/proglog-rs)
chdir(/home/andrey/.local/share/nvimlazy/lazy.nvim/lua/lazy/core/)
chdir(/home/andrey/proglog-rs)
chdir(/home/andrey/proglog-rs)
chdir(/home/andrey/.local/share/nvimlazy/lazy.nvim/lua/lazy/core/)
chdir(/home/andrey/proglog-rs)
chdir(/home/andrey/proglog-rs)
chdir(/home/andrey/.local/share/nvim/lazy/LazyVim/lua/lazyvim/config/)
chdir(/home/andrey/proglog-rs)
chdir(/home/andrey/proglog-rs)
chdir(/home/andrey/.local/share/nvim/lazy/LazyVim/lua/lazyvim/config/)
chdir(/home/andrey/proglog-rs)
chdir(/home/andrey/proglog-rs)
chdir(/home/andrey/.local/share/nvim/lazy/LazyVim/lua/lazyvim/config/)
chdir(/home/andrey/proglog-rs)
chdir(/home/andrey/proglog-rs)
chdir(/home/andrey/.local/share/nvim/lazy/LazyVim/lua/lazyvim/config/)
chdir(/home/andrey/proglog-rs)
chdir(/home/andrey/proglog-rs)
chdir(/home/andrey/.local/share/nvim/lazy/LazyVim/lua/lazyvim/config/)
chdir(/home/andrey/proglog-rs)
chdir(/home/andrey/proglog-rs)
chdir(/home/andrey/.local/share/nvim/lazy/LazyVim/lua/lazyvim/config/)
chdir(/home/andrey/proglog-rs)
chdir(/home/andrey/proglog-rs)
chdir(/home/andrey/.local/share/nvim/lazy/LazyVim/lua/lazyvim/config/)
chdir(/home/andrey/proglog-rs)
chdir(/home/andrey/proglog-rs)
chdir(/home/andrey/.local/share/nvim/lazy/LazyVim/lua/lazyvim/config/)
chdir(/home/andrey/proglog-rs)
chdir(/home/andrey/proglog-rs)
chdir(/home/andrey/.local/share/nvim/lazy/LazyVim/lua/lazyvim/config/)
chdir(/home/andrey/proglog-rs)
chdir(/home/andrey/proglog-rs)
chdir(/home/andrey/.local/share/nvim/lazy/LazyVim/lua/lazyvim/config/)
chdir(/home/andrey/proglog-rs)
chdir(/home/andrey/proglog-rs)
chdir(/home/andrey/.local/share/nvim/lazy/LazyVim/lua/lazyvim/config/)
chdir(/home/andrey/proglog-rs)
chdir(/home/andrey/proglog-rs)
chdir(/home/andrey/.local/share/nvim/lazy/LazyVim/lua/lazyvim/config/)
chdir(/home/andrey/proglog-rs)
chdir(/home/andrey/proglog-rs)
chdir(/home/andrey/.local/share/nvim/lazy/LazyVim/lua/lazyvim/config/)
chdir(/home/andrey/proglog-rs)
chdir(/home/andrey/proglog-rs)
chdir(/home/andrey/.local/share/nvim/lazy/LazyVim/lua/lazyvim/config/)
chdir(/home/andrey/proglog-rs)
chdir(/home/andrey/proglog-rs)
chdir(/home/andrey/.local/share/nvim/lazy/LazyVim/lua/lazyvim/config/)
chdir(/home/andrey/proglog-rs)
chdir(/home/andrey/proglog-rs)
chdir(/home/andrey/.local/share/nvim/lazy/LazyVim/lua/lazyvim/config/)
chdir(/home/andrey/proglog-rs)
chdir(/home/andrey/proglog-rs)
chdir(/home/andrey/.local/share/nvim/lazy/LazyVim/lua/lazyvim/config/)
chdir(/home/andrey/proglog-rs)
chdir(/home/andrey/proglog-rs)
chdir(/home/andrey/.local/share/nvim/lazy/LazyVim/lua/lazyvim/config/)
chdir(/home/andrey/proglog-rs)
chdir(/home/andrey/proglog-rs)
chdir(/home/andrey/.local/share/nvim/lazy/LazyVim/lua/lazyvim/config/)
chdir(/home/andrey/proglog-rs)
chdir(/home/andrey/proglog-rs)
chdir(/home/andrey/.local/share/nvim/lazy/LazyVim/lua/lazyvim/config/)
chdir(/home/andrey/proglog-rs)
chdir(/home/andrey/proglog-rs)
chdir(/home/andrey/.local/share/nvim/lazy/LazyVim/lua/lazyvim/config/)
chdir(/home/andrey/proglog-rs)
chdir(/home/andrey/proglog-rs)
chdir(/home/andrey/.local/share/nvim/lazy/LazyVim/lua/lazyvim/config/)
chdir(/home/andrey/proglog-rs)
chdir(/home/andrey/proglog-rs)
chdir(/home/andrey/.local/share/nvim/lazy/LazyVim/lua/lazyvim/config/)
chdir(/home/andrey/proglog-rs)
chdir(/home/andrey/proglog-rs)
chdir(/home/andrey/.local/share/nvim/lazy/LazyVim/lua/lazyvim/config/)
chdir(/home/andrey/proglog-rs)
chdir(/home/andrey/proglog-rs)
chdir(/home/andrey/.local/share/nvim/lazy/LazyVim/lua/lazyvim/config/)
chdir(/home/andrey/proglog-rs)
chdir(/home/andrey/proglog-rs)
chdir(/home/andrey/.local/share/nvim/lazy/LazyVim/lua/lazyvim/config/)
chdir(/home/andrey/proglog-rs)
chdir(/home/andrey/proglog-rs)
chdir(/home/andrey/.local/share/nvim/lazy/LazyVim/lua/lazyvim/config/)
chdir(/home/andrey/proglog-rs)
chdir(/home/andrey/proglog-rs)
chdir(/home/andrey/.local/share/nvim/lazy/LazyVim/lua/lazyvim/config/)
chdir(/home/andrey/proglog-rs)
chdir(/home/andrey/proglog-rs)
chdir(/home/andrey/.local/share/nvim/lazy/LazyVim/lua/lazyvim/config/)
chdir(/home/andrey/proglog-rs)
chdir(/home/andrey/proglog-rs)
chdir(/home/andrey/.local/share/nvim/lazy/LazyVim/lua/lazyvim/config/)
chdir(/home/andrey/proglog-rs)
chdir(/home/andrey/proglog-rs)
chdir(/home/andrey/.local/share/nvim/lazy/LazyVim/lua/lazyvim/config/)
chdir(/home/andrey/proglog-rs)
chdir(/home/andrey/proglog-rs)
chdir(/home/andrey/.local/share/nvim/lazy/LazyVim/lua/lazyvim/config/)
chdir(/home/andrey/proglog-rs)
chdir(/home/andrey/proglog-rs)
chdir(/home/andrey/.local/share/nvim/lazy/LazyVim/lua/lazyvim/config/)
chdir(/home/andrey/proglog-rs)
chdir(/home/andrey/proglog-rs)
chdir(/home/andrey/.local/share/nvim/lazy/LazyVim/lua/lazyvim/config/)
chdir(/home/andrey/proglog-rs)
chdir(/home/andrey/proglog-rs)
chdir(/home/andrey/.local/share/nvim/lazy/LazyVim/lua/lazyvim/config/)
chdir(/home/andrey/proglog-rs)
chdir(/home/andrey/proglog-rs)
chdir(/home/andrey/.local/share/nvim/lazy/LazyVim/lua/lazyvim/config/)
chdir(/home/andrey/proglog-rs)
chdir(/home/andrey/proglog-rs)
chdir(/home/andrey/.local/share/nvim/lazy/LazyVim/lua/lazyvim/config/)
chdir(/home/andrey/proglog-rs)
not found in runtime path: "spell/en.vim"
not found in runtime path: "spell/en.lua"
chdir(/home/andrey/proglog-rs)
chdir(/home/andrey/.local/share/nvim/lazy/LazyVim/lua/lazyvim/config/)
chdir(/home/andrey/proglog-rs)
chdir(/home/andrey/proglog-rs)
chdir(/home/andrey/.local/share/nvim/lazy/LazyVim/lua/lazyvim/config/)
chdir(/home/andrey/proglog-rs)
chdir(/home/andrey/proglog-rs)
chdir(/home/andrey/.local/share/nvim/lazy/LazyVim/lua/lazyvim/config/)
chdir(/home/andrey/proglog-rs)
chdir(/home/andrey/proglog-rs)
chdir(/home/andrey/.local/share/nvim/lazy/LazyVim/lua/lazyvim/config/)
chdir(/home/andrey/proglog-rs)
chdir(/home/andrey/proglog-rs)
chdir(/home/andrey/.local/share/nvim/lazy/LazyVim/lua/lazyvim/config/)
chdir(/home/andrey/proglog-rs)
chdir(/home/andrey/proglog-rs)
chdir(/home/andrey/.local/share/nvim/lazy/LazyVim/lua/lazyvim/config/)
chdir(/home/andrey/proglog-rs)
chdir(/home/andrey/proglog-rs)
chdir(/home/andrey/.local/share/nvim/lazy/LazyVim/lua/lazyvim/config/)
chdir(/home/andrey/proglog-rs)
chdir(/home/andrey/proglog-rs)
chdir(/home/andrey/.local/share/nvim/lazy/LazyVim/lua/lazyvim/config/)
chdir(/home/andrey/proglog-rs)
chdir(/home/andrey/proglog-rs)
chdir(/home/andrey/.local/share/nvim/lazy/LazyVim/lua/lazyvim/config/)
chdir(/home/andrey/proglog-rs)
chdir(/home/andrey/proglog-rs)
chdir(/home/andrey/.local/share/nvim/lazy/LazyVim/lua/lazyvim/config/)
chdir(/home/andrey/proglog-rs)
chdir(/home/andrey/proglog-rs)
chdir(/home/andrey/.local/share/nvim/lazy/LazyVim/lua/lazyvim/config/)
chdir(/home/andrey/proglog-rs)
chdir(/home/andrey/proglog-rs)
chdir(/home/andrey/.local/share/nvim/lazy/LazyVim/lua/lazyvim/config/)
chdir(/home/andrey/proglog-rs)
chdir(/home/andrey/proglog-rs)
chdir(/home/andrey/.local/share/nvim/lazy/LazyVim/lua/lazyvim/config/)
chdir(/home/andrey/proglog-rs)
chdir(/home/andrey/proglog-rs)
chdir(/home/andrey/.local/share/nvim/lazy/LazyVim/lua/lazyvim/config/)
chdir(/home/andrey/proglog-rs)
chdir(/home/andrey/proglog-rs)
chdir(/home/andrey/.local/share/nvim/lazy/LazyVim/lua/lazyvim/config/)
chdir(/home/andrey/proglog-rs)
chdir(/home/andrey/proglog-rs)
chdir(/home/andrey/.local/share/nvim/lazy/LazyVim/lua/lazyvim/config/)
chdir(/home/andrey/proglog-rs)
chdir(/home/andrey/proglog-rs)
chdir(/home/andrey/.local/share/nvim/lazy/LazyVim/lua/lazyvim/config/)
chdir(/home/andrey/proglog-rs)
chdir(/home/andrey/proglog-rs)
chdir(/home/andrey/.local/share/nvim/lazy/LazyVim/lua/lazyvim/config/)
chdir(/home/andrey/proglog-rs)
chdir(/home/andrey/proglog-rs)
chdir(/home/andrey/.config/nvim/lua/config/)
chdir(/home/andrey/proglog-rs)
chdir(/home/andrey/proglog-rs)
chdir(vim/)
chdir(/home/andrey/proglog-rs)
chdir(/home/andrey/proglog-rs)
chdir(vim/)
chdir(/home/andrey/proglog-rs)
chdir(/home/andrey/proglog-rs)
chdir(vim/)
chdir(/home/andrey/proglog-rs)
chdir(/home/andrey/proglog-rs)
chdir(vim/)
chdir(/home/andrey/proglog-rs)
chdir(/home/andrey/proglog-rs)
chdir(vim/)
chdir(/home/andrey/proglog-rs)
chdir(/home/andrey/proglog-rs)
chdir(vim/)
chdir(/home/andrey/proglog-rs)
chdir(/home/andrey/proglog-rs)
chdir(/home/andrey/.config/nvim/lua/config/)
chdir(/home/andrey/proglog-rs)
chdir(/home/andrey/proglog-rs)
chdir(/home/andrey/.config/nvim/lua/config/)
chdir(/home/andrey/proglog-rs)
chdir(/home/andrey/proglog-rs)
chdir(/home/andrey/.config/nvim/lua/config/)
chdir(/home/andrey/proglog-rs)
chdir(/home/andrey/proglog-rs)
chdir(/home/andrey/.config/nvim/lua/config/)
chdir(/home/andrey/proglog-rs)
chdir(/home/andrey/proglog-rs)
chdir(/home/andrey/.local/share/nvim/lazy/LazyVim/lua/lazyvim/config/)
chdir(/home/andrey/proglog-rs)
chdir(/home/andrey/proglog-rs)
chdir(/home/andrey/.local/share/nvim/lazy/LazyVim/lua/lazyvim/util/)
chdir(/home/andrey/proglog-rs)
chdir(/home/andrey/proglog-rs)
chdir(/home/andrey/.local/share/nvimlazy/lazy.nvim/lua/lazy/core/handler/)
chdir(/home/andrey/proglog-rs)
chdir(/home/andrey/proglog-rs)
chdir(/home/andrey/.local/share/nvimlazy/lazy.nvim/lua/lazy/core/handler/)
chdir(/home/andrey/proglog-rs)
chdir(/home/andrey/proglog-rs)
chdir(/home/andrey/.local/share/nvimlazy/lazy.nvim/lua/lazy/core/handler/)
chdir(/home/andrey/proglog-rs)
chdir(/home/andrey/proglog-rs)
chdir(/home/andrey/.local/share/nvimlazy/lazy.nvim/lua/lazy/core/handler/)
chdir(/home/andrey/proglog-rs)
chdir(/home/andrey/proglog-rs)
chdir(/home/andrey/.local/share/nvimlazy/lazy.nvim/lua/lazy/core/handler/)
chdir(/home/andrey/proglog-rs)
chdir(/home/andrey/proglog-rs)
chdir(/home/andrey/.local/share/nvimlazy/lazy.nvim/lua/lazy/core/handler/)
chdir(/home/andrey/proglog-rs)
chdir(/home/andrey/proglog-rs)
chdir(/home/andrey/.local/share/nvimlazy/lazy.nvim/lua/lazy/core/handler/)
chdir(/home/andrey/proglog-rs)
chdir(/home/andrey/proglog-rs)
chdir(/home/andrey/.local/share/nvimlazy/lazy.nvim/lua/lazy/core/handler/)
chdir(/home/andrey/proglog-rs)
chdir(/home/andrey/proglog-rs)
chdir(/home/andrey/.local/share/nvimlazy/lazy.nvim/lua/lazy/core/handler/)
chdir(/home/andrey/proglog-rs)
chdir(/home/andrey/proglog-rs)
chdir(/home/andrey/.local/share/nvimlazy/lazy.nvim/lua/lazy/core/handler/)
chdir(/home/andrey/proglog-rs)
chdir(/home/andrey/proglog-rs)
chdir(/home/andrey/.local/share/nvimlazy/lazy.nvim/lua/lazy/core/handler/)
chdir(/home/andrey/proglog-rs)
chdir(/home/andrey/proglog-rs)
chdir(/home/andrey/.local/share/nvimlazy/lazy.nvim/lua/lazy/core/handler/)
chdir(/home/andrey/proglog-rs)
chdir(/home/andrey/proglog-rs)
chdir(/home/andrey/.local/share/nvimlazy/lazy.nvim/lua/lazy/core/handler/)
chdir(/home/andrey/proglog-rs)
chdir(/home/andrey/proglog-rs)
chdir(/home/andrey/.local/share/nvimlazy/lazy.nvim/lua/lazy/core/handler/)
chdir(/home/andrey/proglog-rs)
chdir(/home/andrey/proglog-rs)
chdir(/home/andrey/.local/share/nvimlazy/lazy.nvim/lua/lazy/core/handler/)
chdir(/home/andrey/proglog-rs)
chdir(/home/andrey/proglog-rs)
chdir(/home/andrey/.local/share/nvimlazy/lazy.nvim/lua/lazy/core/handler/)
chdir(/home/andrey/proglog-rs)
chdir(/home/andrey/proglog-rs)
chdir(/home/andrey/.local/share/nvimlazy/lazy.nvim/lua/lazy/core/handler/)
chdir(/home/andrey/proglog-rs)
chdir(/home/andrey/proglog-rs)
chdir(/home/andrey/.local/share/nvimlazy/lazy.nvim/lua/lazy/core/handler/)
chdir(/home/andrey/proglog-rs)
chdir(/home/andrey/proglog-rs)
chdir(/home/andrey/.local/share/nvimlazy/lazy.nvim/lua/lazy/core/handler/)
chdir(/home/andrey/proglog-rs)
chdir(/home/andrey/proglog-rs)
chdir(/home/andrey/.local/share/nvimlazy/lazy.nvim/lua/lazy/core/handler/)
chdir(/home/andrey/proglog-rs)
chdir(/home/andrey/proglog-rs)
chdir(/home/andrey/.local/share/nvimlazy/lazy.nvim/lua/lazy/core/handler/)
chdir(/home/andrey/proglog-rs)
chdir(/home/andrey/proglog-rs)
chdir(/home/andrey/.local/share/nvimlazy/lazy.nvim/lua/lazy/core/handler/)
chdir(/home/andrey/proglog-rs)
chdir(/home/andrey/proglog-rs)
chdir(/home/andrey/.local/share/nvimlazy/lazy.nvim/lua/lazy/core/handler/)
chdir(/home/andrey/proglog-rs)
chdir(/home/andrey/proglog-rs)
chdir(/home/andrey/.local/share/nvimlazy/lazy.nvim/lua/lazy/core/handler/)
chdir(/home/andrey/proglog-rs)
chdir(/home/andrey/proglog-rs)
chdir(/home/andrey/.local/share/nvimlazy/lazy.nvim/lua/lazy/core/handler/)
chdir(/home/andrey/proglog-rs)
chdir(/home/andrey/proglog-rs)
chdir(/home/andrey/.local/share/nvimlazy/lazy.nvim/lua/lazy/core/handler/)
chdir(/home/andrey/proglog-rs)
chdir(/home/andrey/proglog-rs)
chdir(/home/andrey/.local/share/nvimlazy/lazy.nvim/lua/lazy/core/handler/)
chdir(/home/andrey/proglog-rs)
chdir(/home/andrey/proglog-rs)
chdir(/home/andrey/.local/share/nvimlazy/lazy.nvim/lua/lazy/core/handler/)
chdir(/home/andrey/proglog-rs)
chdir(/home/andrey/proglog-rs)
chdir(/home/andrey/.local/share/nvimlazy/lazy.nvim/lua/lazy/core/handler/)
chdir(/home/andrey/proglog-rs)
chdir(/home/andrey/proglog-rs)
chdir(/home/andrey/.local/share/nvimlazy/lazy.nvim/lua/lazy/core/handler/)
chdir(/home/andrey/proglog-rs)
chdir(/home/andrey/proglog-rs)
chdir(/home/andrey/.local/share/nvimlazy/lazy.nvim/lua/lazy/core/handler/)
chdir(/home/andrey/proglog-rs)
chdir(/home/andrey/proglog-rs)
chdir(/home/andrey/.local/share/nvimlazy/lazy.nvim/lua/lazy/core/handler/)
chdir(/home/andrey/proglog-rs)
chdir(/home/andrey/proglog-rs)
chdir(/home/andrey/.local/share/nvimlazy/lazy.nvim/lua/lazy/core/handler/)
chdir(/home/andrey/proglog-rs)
chdir(/home/andrey/proglog-rs)
chdir(/home/andrey/.local/share/nvimlazy/lazy.nvim/lua/lazy/core/handler/)
chdir(/home/andrey/proglog-rs)
chdir(/home/andrey/proglog-rs)
chdir(/home/andrey/.local/share/nvimlazy/lazy.nvim/lua/lazy/core/handler/)
chdir(/home/andrey/proglog-rs)
chdir(/home/andrey/proglog-rs)
chdir(/home/andrey/.local/share/nvimlazy/lazy.nvim/lua/lazy/core/handler/)
chdir(/home/andrey/proglog-rs)
chdir(/home/andrey/proglog-rs)
chdir(/home/andrey/.local/share/nvimlazy/lazy.nvim/lua/lazy/core/handler/)
chdir(/home/andrey/proglog-rs)
chdir(/home/andrey/proglog-rs)
chdir(/home/andrey/.local/share/nvimlazy/lazy.nvim/lua/lazy/core/handler/)
chdir(/home/andrey/proglog-rs)
chdir(/home/andrey/proglog-rs)
chdir(/home/andrey/.local/share/nvimlazy/lazy.nvim/lua/lazy/core/handler/)
chdir(/home/andrey/proglog-rs)
chdir(/home/andrey/proglog-rs)
chdir(/home/andrey/.local/share/nvimlazy/lazy.nvim/lua/lazy/core/handler/)
chdir(/home/andrey/proglog-rs)
chdir(/home/andrey/proglog-rs)
chdir(/home/andrey/.local/share/nvimlazy/lazy.nvim/lua/lazy/core/handler/)
chdir(/home/andrey/proglog-rs)
chdir(/home/andrey/proglog-rs)
chdir(/home/andrey/.local/share/nvimlazy/lazy.nvim/lua/lazy/core/handler/)
chdir(/home/andrey/proglog-rs)
chdir(/home/andrey/proglog-rs)
chdir(/home/andrey/.local/share/nvimlazy/lazy.nvim/lua/lazy/core/handler/)
chdir(/home/andrey/proglog-rs)
chdir(/home/andrey/proglog-rs)
chdir(/home/andrey/.local/share/nvimlazy/lazy.nvim/lua/lazy/core/handler/)
chdir(/home/andrey/proglog-rs)
chdir(/home/andrey/proglog-rs)
chdir(/home/andrey/.local/share/nvimlazy/lazy.nvim/lua/lazy/core/handler/)
chdir(/home/andrey/proglog-rs)
chdir(/home/andrey/proglog-rs)
chdir(/home/andrey/.local/share/nvimlazy/lazy.nvim/lua/lazy/core/handler/)
chdir(/home/andrey/proglog-rs)
chdir(/home/andrey/proglog-rs)
chdir(/home/andrey/.local/share/nvimlazy/lazy.nvim/lua/lazy/core/handler/)
chdir(/home/andrey/proglog-rs)
chdir(/home/andrey/proglog-rs)
chdir(/home/andrey/.local/share/nvimlazy/lazy.nvim/lua/lazy/core/handler/)
chdir(/home/andrey/proglog-rs)
chdir(/home/andrey/proglog-rs)
chdir(/home/andrey/.local/share/nvimlazy/lazy.nvim/lua/lazy/core/handler/)
chdir(/home/andrey/proglog-rs)
chdir(/home/andrey/proglog-rs)
chdir(/home/andrey/.local/share/nvimlazy/lazy.nvim/lua/lazy/core/handler/)
chdir(/home/andrey/proglog-rs)
chdir(/home/andrey/proglog-rs)
chdir(/home/andrey/.local/share/nvimlazy/lazy.nvim/lua/lazy/core/handler/)
chdir(/home/andrey/proglog-rs)
chdir(/home/andrey/proglog-rs)
chdir(/home/andrey/.local/share/nvimlazy/lazy.nvim/lua/lazy/core/handler/)
chdir(/home/andrey/proglog-rs)
chdir(/home/andrey/proglog-rs)
chdir(/home/andrey/.local/share/nvimlazy/lazy.nvim/lua/lazy/core/handler/)
chdir(/home/andrey/proglog-rs)
chdir(/home/andrey/proglog-rs)
chdir(/home/andrey/.local/share/nvimlazy/lazy.nvim/lua/lazy/core/handler/)
chdir(/home/andrey/proglog-rs)
chdir(/home/andrey/proglog-rs)
chdir(/home/andrey/.local/share/nvimlazy/lazy.nvim/lua/lazy/core/handler/)
chdir(/home/andrey/proglog-rs)
chdir(/home/andrey/proglog-rs)
chdir(/home/andrey/.local/share/nvimlazy/lazy.nvim/lua/lazy/core/handler/)
chdir(/home/andrey/proglog-rs)
chdir(/home/andrey/proglog-rs)
chdir(/home/andrey/.local/share/nvimlazy/lazy.nvim/lua/lazy/core/handler/)
chdir(/home/andrey/proglog-rs)
chdir(/home/andrey/proglog-rs)
chdir(/home/andrey/.local/share/nvimlazy/lazy.nvim/lua/lazy/core/handler/)
chdir(/home/andrey/proglog-rs)
chdir(/home/andrey/proglog-rs)
chdir(/home/andrey/.local/share/nvimlazy/lazy.nvim/lua/lazy/core/handler/)
chdir(/home/andrey/proglog-rs)
chdir(/home/andrey/proglog-rs)
chdir(/home/andrey/.local/share/nvimlazy/lazy.nvim/lua/lazy/core/handler/)
chdir(/home/andrey/proglog-rs)
chdir(/home/andrey/proglog-rs)
chdir(/home/andrey/.local/share/nvimlazy/lazy.nvim/lua/lazy/core/handler/)
chdir(/home/andrey/proglog-rs)
chdir(/home/andrey/proglog-rs)
chdir(/home/andrey/.local/share/nvimlazy/lazy.nvim/lua/lazy/core/handler/)
chdir(/home/andrey/proglog-rs)
chdir(/home/andrey/proglog-rs)
chdir(/home/andrey/.local/share/nvimlazy/lazy.nvim/lua/lazy/core/handler/)
chdir(/home/andrey/proglog-rs)
chdir(/home/andrey/proglog-rs)
chdir(/home/andrey/.local/share/nvimlazy/lazy.nvim/lua/lazy/core/handler/)
chdir(/home/andrey/proglog-rs)
chdir(/home/andrey/proglog-rs)
chdir(/home/andrey/.local/share/nvimlazy/lazy.nvim/lua/lazy/core/handler/)
chdir(/home/andrey/proglog-rs)
chdir(/home/andrey/proglog-rs)
chdir(/home/andrey/.local/share/nvimlazy/lazy.nvim/lua/lazy/core/handler/)
chdir(/home/andrey/proglog-rs)
chdir(/home/andrey/proglog-rs)
chdir(/home/andrey/.local/share/nvimlazy/lazy.nvim/lua/lazy/core/handler/)
chdir(/home/andrey/proglog-rs)
chdir(/home/andrey/proglog-rs)
chdir(/home/andrey/.local/share/nvimlazy/lazy.nvim/lua/lazy/core/handler/)
chdir(/home/andrey/proglog-rs)
chdir(/home/andrey/proglog-rs)
chdir(/home/andrey/.local/share/nvimlazy/lazy.nvim/lua/lazy/core/handler/)
chdir(/home/andrey/proglog-rs)
chdir(/home/andrey/proglog-rs)
chdir(/home/andrey/.local/share/nvimlazy/lazy.nvim/lua/lazy/core/handler/)
chdir(/home/andrey/proglog-rs)
chdir(/home/andrey/proglog-rs)
chdir(/home/andrey/.local/share/nvimlazy/lazy.nvim/lua/lazy/core/handler/)
chdir(/home/andrey/proglog-rs)
chdir(/home/andrey/proglog-rs)
chdir(/home/andrey/.local/share/nvimlazy/lazy.nvim/lua/lazy/core/handler/)
chdir(/home/andrey/proglog-rs)
chdir(/home/andrey/proglog-rs)
chdir(/home/andrey/.local/share/nvimlazy/lazy.nvim/lua/lazy/core/handler/)
chdir(/home/andrey/proglog-rs)
chdir(/home/andrey/proglog-rs)
chdir(/home/andrey/.local/share/nvimlazy/lazy.nvim/lua/lazy/core/handler/)
chdir(/home/andrey/proglog-rs)
chdir(/home/andrey/proglog-rs)
chdir(/home/andrey/.local/share/nvimlazy/lazy.nvim/lua/lazy/core/handler/)
chdir(/home/andrey/proglog-rs)
chdir(/home/andrey/proglog-rs)
chdir(/home/andrey/.local/share/nvimlazy/lazy.nvim/lua/lazy/core/handler/)
chdir(/home/andrey/proglog-rs)
chdir(/home/andrey/proglog-rs)
chdir(/home/andrey/.local/share/nvimlazy/lazy.nvim/lua/lazy/core/handler/)
chdir(/home/andrey/proglog-rs)
chdir(/home/andrey/proglog-rs)
chdir(/home/andrey/.local/share/nvimlazy/lazy.nvim/lua/lazy/core/handler/)
chdir(/home/andrey/proglog-rs)
chdir(/home/andrey/proglog-rs)
chdir(/home/andrey/.local/share/nvimlazy/lazy.nvim/lua/lazy/core/handler/)
chdir(/home/andrey/proglog-rs)
chdir(/home/andrey/proglog-rs)
chdir(/home/andrey/.local/share/nvimlazy/lazy.nvim/lua/lazy/core/handler/)
chdir(/home/andrey/proglog-rs)
chdir(/home/andrey/proglog-rs)
chdir(/home/andrey/.local/share/nvimlazy/lazy.nvim/lua/lazy/core/handler/)
chdir(/home/andrey/proglog-rs)
chdir(/home/andrey/proglog-rs)
chdir(/home/andrey/.local/share/nvimlazy/lazy.nvim/lua/lazy/core/handler/)
chdir(/home/andrey/proglog-rs)
chdir(/home/andrey/proglog-rs)
chdir(/home/andrey/.local/share/nvimlazy/lazy.nvim/lua/lazy/core/handler/)
chdir(/home/andrey/proglog-rs)
chdir(/home/andrey/proglog-rs)
chdir(/home/andrey/.local/share/nvimlazy/lazy.nvim/lua/lazy/core/handler/)
chdir(/home/andrey/proglog-rs)
chdir(/home/andrey/proglog-rs)
chdir(/home/andrey/.local/share/nvimlazy/lazy.nvim/lua/lazy/core/handler/)
chdir(/home/andrey/proglog-rs)
chdir(/home/andrey/proglog-rs)
chdir(/home/andrey/.local/share/nvimlazy/lazy.nvim/lua/lazy/core/handler/)
chdir(/home/andrey/proglog-rs)
chdir(/home/andrey/proglog-rs)
chdir(/home/andrey/.local/share/nvimlazy/lazy.nvim/lua/lazy/core/handler/)
chdir(/home/andrey/proglog-rs)
chdir(/home/andrey/proglog-rs)
chdir(/home/andrey/.local/share/nvimlazy/lazy.nvim/lua/lazy/core/handler/)
chdir(/home/andrey/proglog-rs)
chdir(/home/andrey/proglog-rs)
chdir(/home/andrey/.local/share/nvimlazy/lazy.nvim/lua/lazy/core/handler/)
chdir(/home/andrey/proglog-rs)
chdir(/home/andrey/proglog-rs)
chdir(/home/andrey/.local/share/nvimlazy/lazy.nvim/lua/lazy/core/handler/)
chdir(/home/andrey/proglog-rs)
chdir(/home/andrey/proglog-rs)
chdir(/home/andrey/.local/share/nvimlazy/lazy.nvim/lua/lazy/core/handler/)
chdir(/home/andrey/proglog-rs)
chdir(/home/andrey/proglog-rs)
chdir(/home/andrey/.local/share/nvimlazy/lazy.nvim/lua/lazy/core/handler/)
chdir(/home/andrey/proglog-rs)
chdir(/home/andrey/proglog-rs)
chdir(/home/andrey/.local/share/nvimlazy/lazy.nvim/lua/lazy/core/handler/)
chdir(/home/andrey/proglog-rs)
chdir(/home/andrey/proglog-rs)
chdir(/home/andrey/.local/share/nvimlazy/lazy.nvim/lua/lazy/core/handler/)
chdir(/home/andrey/proglog-rs)
chdir(/home/andrey/proglog-rs)
chdir(/home/andrey/.local/share/nvimlazy/lazy.nvim/lua/lazy/core/handler/)
chdir(/home/andrey/proglog-rs)
chdir(/home/andrey/proglog-rs)
chdir(/home/andrey/.local/share/nvimlazy/lazy.nvim/lua/lazy/core/handler/)
chdir(/home/andrey/proglog-rs)
chdir(/home/andrey/proglog-rs)
chdir(/home/andrey/.local/share/nvimlazy/lazy.nvim/lua/lazy/core/handler/)
chdir(/home/andrey/proglog-rs)
chdir(/home/andrey/proglog-rs)
chdir(/home/andrey/.local/share/nvimlazy/lazy.nvim/lua/lazy/core/handler/)
chdir(/home/andrey/proglog-rs)
chdir(/home/andrey/proglog-rs)
chdir(/home/andrey/.local/share/nvimlazy/lazy.nvim/lua/lazy/core/handler/)
chdir(/home/andrey/proglog-rs)
chdir(/home/andrey/proglog-rs)
chdir(/home/andrey/.local/share/nvimlazy/lazy.nvim/lua/lazy/core/handler/)
chdir(/home/andrey/proglog-rs)
chdir(/home/andrey/proglog-rs)
chdir(/home/andrey/.local/share/nvimlazy/lazy.nvim/lua/lazy/core/handler/)
chdir(/home/andrey/proglog-rs)
chdir(/home/andrey/proglog-rs)
chdir(/home/andrey/.local/share/nvimlazy/lazy.nvim/lua/lazy/core/handler/)
chdir(/home/andrey/proglog-rs)
chdir(/home/andrey/proglog-rs)
chdir(/home/andrey/.local/share/nvimlazy/lazy.nvim/lua/lazy/core/handler/)
chdir(/home/andrey/proglog-rs)
chdir(/home/andrey/proglog-rs)
chdir(/home/andrey/.local/share/nvimlazy/lazy.nvim/lua/lazy/core/handler/)
chdir(/home/andrey/proglog-rs)
chdir(/home/andrey/proglog-rs)
chdir(/home/andrey/.local/share/nvimlazy/lazy.nvim/lua/lazy/core/handler/)
chdir(/home/andrey/proglog-rs)
chdir(/home/andrey/proglog-rs)
chdir(/home/andrey/.local/share/nvimlazy/lazy.nvim/lua/lazy/core/handler/)
chdir(/home/andrey/proglog-rs)
chdir(/home/andrey/proglog-rs)
chdir(/home/andrey/.local/share/nvimlazy/lazy.nvim/lua/lazy/core/handler/)
chdir(/home/andrey/proglog-rs)
chdir(/home/andrey/proglog-rs)
chdir(/home/andrey/.local/share/nvimlazy/lazy.nvim/lua/lazy/core/handler/)
chdir(/home/andrey/proglog-rs)
chdir(/home/andrey/proglog-rs)
chdir(/home/andrey/.local/share/nvimlazy/lazy.nvim/lua/lazy/core/handler/)
chdir(/home/andrey/proglog-rs)
chdir(/home/andrey/proglog-rs)
chdir(/home/andrey/.local/share/nvimlazy/lazy.nvim/lua/lazy/core/handler/)
chdir(/home/andrey/proglog-rs)
chdir(/home/andrey/proglog-rs)
chdir(/home/andrey/.local/share/nvimlazy/lazy.nvim/lua/lazy/core/handler/)
chdir(/home/andrey/proglog-rs)
chdir(/home/andrey/proglog-rs)
chdir(/home/andrey/.local/share/nvimlazy/lazy.nvim/lua/lazy/core/handler/)
chdir(/home/andrey/proglog-rs)
chdir(/home/andrey/proglog-rs)
chdir(/home/andrey/.local/share/nvimlazy/lazy.nvim/lua/lazy/core/handler/)
chdir(/home/andrey/proglog-rs)
chdir(/home/andrey/proglog-rs)
chdir(/home/andrey/.local/share/nvimlazy/lazy.nvim/lua/lazy/core/handler/)
chdir(/home/andrey/proglog-rs)
chdir(/home/andrey/proglog-rs)
chdir(/home/andrey/.local/share/nvimlazy/lazy.nvim/lua/lazy/core/handler/)
chdir(/home/andrey/proglog-rs)
chdir(/home/andrey/proglog-rs)
chdir(/home/andrey/.local/share/nvimlazy/lazy.nvim/lua/lazy/core/handler/)
chdir(/home/andrey/proglog-rs)
chdir(/home/andrey/proglog-rs)
chdir(/home/andrey/.local/share/nvimlazy/lazy.nvim/lua/lazy/core/handler/)
chdir(/home/andrey/proglog-rs)
chdir(/home/andrey/proglog-rs)
chdir(/home/andrey/.local/share/nvimlazy/lazy.nvim/lua/lazy/core/handler/)
chdir(/home/andrey/proglog-rs)
chdir(/home/andrey/proglog-rs)
chdir(/home/andrey/.local/share/nvimlazy/lazy.nvim/lua/lazy/core/handler/)
chdir(/home/andrey/proglog-rs)
chdir(/home/andrey/proglog-rs)
chdir(/home/andrey/.local/share/nvimlazy/lazy.nvim/lua/lazy/core/handler/)
chdir(/home/andrey/proglog-rs)
chdir(/home/andrey/proglog-rs)
chdir(/home/andrey/.local/share/nvimlazy/lazy.nvim/lua/lazy/core/handler/)
chdir(/home/andrey/proglog-rs)
chdir(/home/andrey/proglog-rs)
chdir(/home/andrey/.local/share/nvimlazy/lazy.nvim/lua/lazy/core/handler/)
chdir(/home/andrey/proglog-rs)
chdir(/home/andrey/proglog-rs)
chdir(/home/andrey/.local/share/nvimlazy/lazy.nvim/lua/lazy/core/handler/)
chdir(/home/andrey/proglog-rs)
chdir(/home/andrey/proglog-rs)
chdir(/home/andrey/.local/share/nvimlazy/lazy.nvim/lua/lazy/core/handler/)
chdir(/home/andrey/proglog-rs)
chdir(/home/andrey/proglog-rs)
chdir(/home/andrey/.local/share/nvimlazy/lazy.nvim/lua/lazy/core/handler/)
chdir(/home/andrey/proglog-rs)
chdir(/home/andrey/proglog-rs)
chdir(/home/andrey/.local/share/nvimlazy/lazy.nvim/lua/lazy/core/handler/)
chdir(/home/andrey/proglog-rs)
chdir(/home/andrey/proglog-rs)
chdir(/home/andrey/.local/share/nvimlazy/lazy.nvim/lua/lazy/core/handler/)
chdir(/home/andrey/proglog-rs)
chdir(/home/andrey/proglog-rs)
chdir(/home/andrey/.local/share/nvimlazy/lazy.nvim/lua/lazy/core/handler/)
chdir(/home/andrey/proglog-rs)
chdir(/home/andrey/proglog-rs)
chdir(/home/andrey/.local/share/nvimlazy/lazy.nvim/lua/lazy/core/handler/)
chdir(/home/andrey/proglog-rs)
chdir(/home/andrey/proglog-rs)
chdir(/home/andrey/.local/share/nvimlazy/lazy.nvim/lua/lazy/core/handler/)
chdir(/home/andrey/proglog-rs)
chdir(/home/andrey/proglog-rs)
chdir(/home/andrey/.local/share/nvimlazy/lazy.nvim/lua/lazy/core/handler/)
chdir(/home/andrey/proglog-rs)
chdir(/home/andrey/proglog-rs)
chdir(/home/andrey/.local/share/nvimlazy/lazy.nvim/lua/lazy/core/handler/)
chdir(/home/andrey/proglog-rs)
chdir(/home/andrey/proglog-rs)
chdir(/home/andrey/.local/share/nvimlazy/lazy.nvim/lua/lazy/core/handler/)
chdir(/home/andrey/proglog-rs)
chdir(/home/andrey/proglog-rs)
chdir(/home/andrey/.local/share/nvimlazy/lazy.nvim/lua/lazy/core/handler/)
chdir(/home/andrey/proglog-rs)
chdir(/home/andrey/proglog-rs)
chdir(/home/andrey/.local/share/nvimlazy/lazy.nvim/lua/lazy/core/handler/)
chdir(/home/andrey/proglog-rs)
chdir(/home/andrey/proglog-rs)
chdir(/home/andrey/.local/share/nvimlazy/lazy.nvim/lua/lazy/core/handler/)
chdir(/home/andrey/proglog-rs)
chdir(/home/andrey/proglog-rs)
chdir(/home/andrey/.local/share/nvimlazy/lazy.nvim/lua/lazy/core/handler/)
chdir(/home/andrey/proglog-rs)
chdir(/home/andrey/proglog-rs)
chdir(/home/andrey/.local/share/nvimlazy/lazy.nvim/lua/lazy/core/handler/)
chdir(/home/andrey/proglog-rs)
chdir(/home/andrey/proglog-rs)
chdir(/home/andrey/.local/share/nvimlazy/lazy.nvim/lua/lazy/core/handler/)
chdir(/home/andrey/proglog-rs)
chdir(/home/andrey/proglog-rs)
chdir(/home/andrey/.local/share/nvimlazy/lazy.nvim/lua/lazy/core/handler/)
chdir(/home/andrey/proglog-rs)
chdir(/home/andrey/proglog-rs)
chdir(/home/andrey/.local/share/nvimlazy/lazy.nvim/lua/lazy/core/handler/)
chdir(/home/andrey/proglog-rs)
chdir(/home/andrey/proglog-rs)
chdir(/home/andrey/.local/share/nvimlazy/lazy.nvim/lua/lazy/core/handler/)
chdir(/home/andrey/proglog-rs)
chdir(/home/andrey/proglog-rs)
chdir(/home/andrey/.local/share/nvimlazy/lazy.nvim/lua/lazy/core/handler/)
chdir(/home/andrey/proglog-rs)
chdir(/home/andrey/proglog-rs)
chdir(/home/andrey/.local/share/nvimlazy/lazy.nvim/lua/lazy/core/handler/)
chdir(/home/andrey/proglog-rs)
chdir(/home/andrey/proglog-rs)
chdir(/home/andrey/.local/share/nvimlazy/lazy.nvim/lua/lazy/core/handler/)
chdir(/home/andrey/proglog-rs)
chdir(/home/andrey/proglog-rs)
chdir(/home/andrey/.local/share/nvimlazy/lazy.nvim/lua/lazy/core/handler/)
chdir(/home/andrey/proglog-rs)
chdir(/home/andrey/proglog-rs)
chdir(/home/andrey/.local/share/nvimlazy/lazy.nvim/lua/lazy/core/handler/)
chdir(/home/andrey/proglog-rs)
chdir(/home/andrey/proglog-rs)
chdir(/home/andrey/.local/share/nvimlazy/lazy.nvim/lua/lazy/core/handler/)
chdir(/home/andrey/proglog-rs)
chdir(/home/andrey/proglog-rs)
chdir(/home/andrey/.local/share/nvimlazy/lazy.nvim/lua/lazy/core/handler/)
chdir(/home/andrey/proglog-rs)
chdir(/home/andrey/proglog-rs)
chdir(/home/andrey/.local/share/nvimlazy/lazy.nvim/lua/lazy/core/handler/)
chdir(/home/andrey/proglog-rs)
chdir(/home/andrey/proglog-rs)
chdir(/home/andrey/.local/share/nvimlazy/lazy.nvim/lua/lazy/core/handler/)
chdir(/home/andrey/proglog-rs)
chdir(/home/andrey/proglog-rs)
chdir(/home/andrey/.local/share/nvimlazy/lazy.nvim/lua/lazy/core/handler/)
chdir(/home/andrey/proglog-rs)
chdir(/home/andrey/proglog-rs)
chdir(/home/andrey/.local/share/nvimlazy/lazy.nvim/lua/lazy/core/handler/)
chdir(/home/andrey/proglog-rs)
chdir(/home/andrey/proglog-rs)
chdir(/home/andrey/.local/share/nvimlazy/lazy.nvim/lua/lazy/core/handler/)
chdir(/home/andrey/proglog-rs)
chdir(/home/andrey/proglog-rs)
chdir(/home/andrey/.local/share/nvimlazy/lazy.nvim/lua/lazy/core/handler/)
chdir(/home/andrey/proglog-rs)
chdir(/home/andrey/proglog-rs)
chdir(/home/andrey/.local/share/nvimlazy/lazy.nvim/lua/lazy/core/handler/)
chdir(/home/andrey/proglog-rs)
chdir(/home/andrey/proglog-rs)
chdir(/home/andrey/.local/share/nvimlazy/lazy.nvim/lua/lazy/core/handler/)
chdir(/home/andrey/proglog-rs)
chdir(/home/andrey/proglog-rs)
chdir(/home/andrey/.local/share/nvimlazy/lazy.nvim/lua/lazy/core/handler/)
chdir(/home/andrey/proglog-rs)
chdir(/home/andrey/proglog-rs)
chdir(/home/andrey/.local/share/nvimlazy/lazy.nvim/lua/lazy/core/handler/)
chdir(/home/andrey/proglog-rs)
chdir(/home/andrey/proglog-rs)
chdir(/home/andrey/.local/share/nvimlazy/lazy.nvim/lua/lazy/core/handler/)
chdir(/home/andrey/proglog-rs)
chdir(/home/andrey/proglog-rs)
chdir(/home/andrey/.local/share/nvimlazy/lazy.nvim/lua/lazy/core/handler/)
chdir(/home/andrey/proglog-rs)
chdir(/home/andrey/proglog-rs)
chdir(/home/andrey/.local/share/nvimlazy/lazy.nvim/lua/lazy/core/handler/)
chdir(/home/andrey/proglog-rs)
chdir(/home/andrey/proglog-rs)
chdir(/home/andrey/.local/share/nvimlazy/lazy.nvim/lua/lazy/core/handler/)
chdir(/home/andrey/proglog-rs)
chdir(/home/andrey/proglog-rs)
chdir(/home/andrey/.local/share/nvimlazy/lazy.nvim/lua/lazy/core/handler/)
chdir(/home/andrey/proglog-rs)
chdir(/home/andrey/proglog-rs)
chdir(/home/andrey/.local/share/nvimlazy/lazy.nvim/lua/lazy/core/handler/)
chdir(/home/andrey/proglog-rs)
chdir(/home/andrey/proglog-rs)
chdir(/home/andrey/.local/share/nvimlazy/lazy.nvim/lua/lazy/core/handler/)
chdir(/home/andrey/proglog-rs)
chdir(/home/andrey/proglog-rs)
chdir(/home/andrey/.local/share/nvimlazy/lazy.nvim/lua/lazy/core/handler/)
chdir(/home/andrey/proglog-rs)
chdir(/home/andrey/proglog-rs)
chdir(/home/andrey/.local/share/nvimlazy/lazy.nvim/lua/lazy/core/handler/)
chdir(/home/andrey/proglog-rs)
chdir(/home/andrey/proglog-rs)
chdir(/home/andrey/.local/share/nvimlazy/lazy.nvim/lua/lazy/core/handler/)
chdir(/home/andrey/proglog-rs)
chdir(/home/andrey/proglog-rs)
chdir(/home/andrey/.local/share/nvimlazy/lazy.nvim/lua/lazy/core/handler/)
chdir(/home/andrey/proglog-rs)
chdir(/home/andrey/proglog-rs)
chdir(/home/andrey/.local/share/nvimlazy/lazy.nvim/lua/lazy/core/handler/)
chdir(/home/andrey/proglog-rs)
chdir(/home/andrey/proglog-rs)
chdir(/home/andrey/.local/share/nvimlazy/lazy.nvim/lua/lazy/core/handler/)
chdir(/home/andrey/proglog-rs)
chdir(/home/andrey/proglog-rs)
chdir(/home/andrey/.local/share/nvimlazy/lazy.nvim/lua/lazy/core/handler/)
chdir(/home/andrey/proglog-rs)
chdir(/home/andrey/proglog-rs)
chdir(/home/andrey/.local/share/nvimlazy/lazy.nvim/lua/lazy/core/handler/)
chdir(/home/andrey/proglog-rs)
chdir(/home/andrey/proglog-rs)
chdir(/home/andrey/.local/share/nvimlazy/lazy.nvim/lua/lazy/core/handler/)
chdir(/home/andrey/proglog-rs)
chdir(/home/andrey/proglog-rs)
chdir(/home/andrey/.local/share/nvimlazy/lazy.nvim/lua/lazy/core/handler/)
chdir(/home/andrey/proglog-rs)
chdir(/home/andrey/proglog-rs)
chdir(/home/andrey/.local/share/nvimlazy/lazy.nvim/lua/lazy/core/handler/)
chdir(/home/andrey/proglog-rs)
chdir(/home/andrey/proglog-rs)
chdir(/home/andrey/.local/share/nvimlazy/lazy.nvim/lua/lazy/core/handler/)
chdir(/home/andrey/proglog-rs)
chdir(/home/andrey/proglog-rs)
chdir(/home/andrey/.local/share/nvimlazy/lazy.nvim/lua/lazy/core/handler/)
chdir(/home/andrey/proglog-rs)
chdir(/home/andrey/proglog-rs)
chdir(/home/andrey/.local/share/nvimlazy/lazy.nvim/lua/lazy/core/handler/)
chdir(/home/andrey/proglog-rs)
chdir(/home/andrey/proglog-rs)
chdir(/home/andrey/.local/share/nvimlazy/lazy.nvim/lua/lazy/core/handler/)
chdir(/home/andrey/proglog-rs)
chdir(/home/andrey/proglog-rs)
chdir(/home/andrey/.local/share/nvimlazy/lazy.nvim/lua/lazy/core/handler/)
chdir(/home/andrey/proglog-rs)
chdir(/home/andrey/proglog-rs)
chdir(/home/andrey/.local/share/nvimlazy/lazy.nvim/lua/lazy/core/handler/)
chdir(/home/andrey/proglog-rs)
chdir(/home/andrey/proglog-rs)
chdir(/home/andrey/.local/share/nvimlazy/lazy.nvim/lua/lazy/core/handler/)
chdir(/home/andrey/proglog-rs)
chdir(/home/andrey/proglog-rs)
chdir(/usr/local/share/nvim/runtime/)
chdir(/home/andrey/proglog-rs)
line 0: sourcing "/usr/local/share/nvim/runtime/filetype.lua"
chdir(/home/andrey/proglog-rs)
chdir(/usr/local/share/nvim/runtime/)
chdir(/home/andrey/proglog-rs)
chdir(/home/andrey/proglog-rs)
chdir(/usr/local/share/nvim/runtime/)
chdir(/home/andrey/proglog-rs)
chdir(/home/andrey/proglog-rs)
chdir(/usr/local/share/nvim/runtime/)
chdir(/home/andrey/proglog-rs)
not found in runtime path: "ftdetect/*.vim"
not found in runtime path: "ftdetect/*.lua"
chdir(/home/andrey/proglog-rs)
chdir(/usr/local/share/nvim/runtime/)
chdir(/home/andrey/proglog-rs)
chdir(/home/andrey/proglog-rs)
chdir(/usr/local/share/nvim/runtime/)
chdir(/home/andrey/proglog-rs)
chdir(/home/andrey/proglog-rs)
chdir(/usr/local/share/nvim/runtime/)
chdir(/home/andrey/proglog-rs)
finished sourcing /usr/local/share/nvim/runtime/filetype.lua
continuing in nvim_exec2() called at /home/andrey/.config/nvim/init.lua:0
chdir(/home/andrey/proglog-rs)
chdir(/home/andrey/.local/share/nvim/lazy/LazyVim/lua/lazyvim/util/)
chdir(/home/andrey/proglog-rs)
chdir(/home/andrey/proglog-rs)
chdir(/home/andrey/.local/share/nvim/lazy/LazyVim/lua/lazyvim/plugins/)
chdir(/home/andrey/proglog-rs)
chdir(/home/andrey/proglog-rs)
chdir(/home/andrey/.local/share/nvimlazy/lazy.nvim/lua/lazy/core/)
chdir(/home/andrey/proglog-rs)
chdir(/home/andrey/proglog-rs)
chdir(/home/andrey/.local/share/nvim/lazy/LazyVim/lua/lazyvim/util/)
chdir(/home/andrey/proglog-rs)
chdir(/home/andrey/proglog-rs)
chdir(/home/andrey/.local/share/nvim/lazy/LazyVim/lua/lazyvim/util/)
chdir(/home/andrey/proglog-rs)
chdir(/home/andrey/proglog-rs)
chdir(/home/andrey/.local/share/nvim/lazy/LazyVim/lua/lazyvim/plugins/extras/lang/)
chdir(/home/andrey/proglog-rs)
chdir(/home/andrey/proglog-rs)
chdir(/home/andrey/.local/share/nvim/lazy/LazyVim/lua/lazyvim/plugins/extras/editor/)
chdir(/home/andrey/proglog-rs)
chdir(/home/andrey/proglog-rs)
chdir(/home/andrey/.local/share/nvimlazy/lazy.nvim/lua/lazy/core/)
chdir(/home/andrey/proglog-rs)
chdir(/home/andrey/proglog-rs)
chdir(/home/andrey/.local/share/nvim/lazy/LazyVim/lua/lazyvim/config/)
chdir(/home/andrey/proglog-rs)
Executing ColorSchemePre Autocommands for "*"
autocommand <Lua 9: ~/.local/share/nvimlazy/lazy.nvim/lua/lazy/core/loader.lua:31>

chdir(/home/andrey/proglog-rs)
chdir(/home/andrey/.local/share/nvimlazy/lazy.nvim/lua/lazy/core/)
chdir(/home/andrey/proglog-rs)
not found in runtime path: "colors/rose-pine.vim"
not found in 'packpath': "pack/*/opt/*/colors/rose-pine.vim"
not found in 'packpath': "opt/*/colors/rose-pine.vim"
chdir(/home/andrey/proglog-rs)
chdir(/home/andrey/.local/share/nvim/lazy/rose-pine/colors/)
chdir(/home/andrey/proglog-rs)
line 0: sourcing "/home/andrey/.local/share/nvim/lazy/rose-pine/colors/rose-pine.lua"
chdir(/home/andrey/proglog-rs)
chdir(/home/andrey/.local/share/nvim/lazy/rose-pine/lua/)
chdir(/home/andrey/proglog-rs)
chdir(/home/andrey/proglog-rs)
chdir(vim/)
chdir(/home/andrey/proglog-rs)
chdir(/home/andrey/proglog-rs)
chdir(vim/)
chdir(/home/andrey/proglog-rs)
finished sourcing /home/andrey/.local/share/nvim/lazy/rose-pine/colors/rose-pine.lua
continuing in /home/andrey/.config/nvim/init.lua
chdir(/home/andrey/proglog-rs)
chdir(/home/andrey/.local/share/nvimlazy/lazy.nvim/lua/lazy/core/handler/)
chdir(/home/andrey/proglog-rs)
chdir(/home/andrey/proglog-rs)
chdir(/home/andrey/.local/share/nvimlazy/lazy.nvim/lua/lazy/core/handler/)
chdir(/home/andrey/proglog-rs)
chdir(/home/andrey/proglog-rs)
chdir(/home/andrey/.local/share/nvimlazy/lazy.nvim/lua/lazy/core/handler/)
chdir(/home/andrey/proglog-rs)
chdir(/home/andrey/proglog-rs)
chdir(/home/andrey/.local/share/nvimlazy/lazy.nvim/lua/lazy/core/handler/)
chdir(/home/andrey/proglog-rs)
chdir(/home/andrey/proglog-rs)
chdir(/home/andrey/.local/share/nvimlazy/lazy.nvim/lua/lazy/core/handler/)
chdir(/home/andrey/proglog-rs)
chdir(/home/andrey/proglog-rs)
chdir(/home/andrey/.local/share/nvimlazy/lazy.nvim/lua/lazy/core/)
chdir(/home/andrey/proglog-rs)
chdir(/home/andrey/proglog-rs)
chdir(/home/andrey/.local/share/nvim/lazy/snacks.nvim/plugin/)
chdir(/home/andrey/proglog-rs)
line 0: sourcing "/home/andrey/.local/share/nvim/lazy/snacks.nvim/plugin/snacks.lua"
finished sourcing /home/andrey/.local/share/nvim/lazy/snacks.nvim/plugin/snacks.lua
continuing in nvim_exec2() called at /home/andrey/.config/nvim/init.lua:0
chdir(/home/andrey/proglog-rs)
chdir(/home/andrey/.local/share/nvim/lazy/snacks.nvim/lua/snacks/)
chdir(/home/andrey/proglog-rs)
chdir(/home/andrey/proglog-rs)
chdir(/home/andrey/.local/share/nvim/lazy/snacks.nvim/lua/snacks/)
chdir(/home/andrey/proglog-rs)
chdir(/home/andrey/proglog-rs)
chdir(/home/andrey/.local/share/nvim/lazy/snacks.nvim/lua/snacks/)
chdir(/home/andrey/proglog-rs)
chdir(/home/andrey/proglog-rs)
chdir(/home/andrey/.local/share/nvim/lazy/snacks.nvim/lua/snacks/)
chdir(/home/andrey/proglog-rs)
chdir(/home/andrey/proglog-rs)
chdir(/home/andrey/.local/share/nvim/lazy/snacks.nvim/lua/snacks/)
chdir(/home/andrey/proglog-rs)
chdir(/home/andrey/proglog-rs)
chdir(/home/andrey/.local/share/nvimlazy/lazy.nvim/lua/lazy/core/)
chdir(/home/andrey/proglog-rs)
chdir(/home/andrey/proglog-rs)
chdir(/home/andrey/.local/share/nvim/lazy/vim-go/plugin/)
chdir(/home/andrey/proglog-rs)
line 0: sourcing "/home/andrey/.local/share/nvim/lazy/vim-go/plugin/go.vim"
chdir(/home/andrey/proglog-rs)
chdir(/home/andrey/.local/share/nvim/lazy/vim-go/autoload/go/)
chdir(/home/andrey/proglog-rs)
line 2: sourcing "/home/andrey/.local/share/nvim/lazy/vim-go/autoload/go/config.vim"
finished sourcing /home/andrey/.local/share/nvim/lazy/vim-go/autoload/go/config.vim
continuing in <SNR>23_checkVersion
chdir(/home/andrey/proglog-rs)
chdir(/home/andrey/.local/share/nvim/lazy/vim-go/autoload/go/)
chdir(/home/andrey/proglog-rs)
line 274: sourcing "/home/andrey/.local/share/nvim/lazy/vim-go/autoload/go/util.vim"
finished sourcing /home/andrey/.local/share/nvim/lazy/vim-go/autoload/go/util.vim
continuing in /home/andrey/.local/share/nvim/lazy/vim-go/plugin/go.vim
finished sourcing /home/andrey/.local/share/nvim/lazy/vim-go/plugin/go.vim
continuing in nvim_exec2() called at /home/andrey/.config/nvim/init.lua:0
chdir(/home/andrey/proglog-rs)
chdir(/home/andrey/.local/share/nvim/lazy/vim-go/ftdetect/)
chdir(/home/andrey/proglog-rs)
line 0: sourcing "/home/andrey/.local/share/nvim/lazy/vim-go/ftdetect/gofiletype.vim"
finished sourcing /home/andrey/.local/share/nvim/lazy/vim-go/ftdetect/gofiletype.vim
continuing in nvim_exec2() called at /home/andrey/.config/nvim/init.lua:0
chdir(/home/andrey/proglog-rs)
chdir(/home/andrey/.local/share/nvimlazy/lazy.nvim/lua/lazy/core/)
chdir(/home/andrey/proglog-rs)
chdir(/home/andrey/proglog-rs)
chdir(/home/andrey/.local/share/nvim/lazy/vim-signify/plugin/)
chdir(/home/andrey/proglog-rs)
line 0: sourcing "/home/andrey/.local/share/nvim/lazy/vim-signify/plugin/signify.vim"
finished sourcing /home/andrey/.local/share/nvim/lazy/vim-signify/plugin/signify.vim
continuing in nvim_exec2() called at /home/andrey/.config/nvim/init.lua:0
chdir(/home/andrey/proglog-rs)
chdir(/home/andrey/.local/share/nvimlazy/lazy.nvim/lua/lazy/core/)
chdir(/home/andrey/proglog-rs)
chdir(/home/andrey/proglog-rs)
chdir(/home/andrey/.local/share/nvim/lazy/workspaces.nvim/lua/workspaces/)
chdir(/home/andrey/proglog-rs)
chdir(/home/andrey/proglog-rs)
chdir(/home/andrey/.local/share/nvim/lazy/workspaces.nvim/lua/workspaces/)
chdir(/home/andrey/proglog-rs)
chdir(/home/andrey/proglog-rs)
chdir(/home/andrey/.local/share/nvim/lazy/workspaces.nvim/lua/workspaces/)
chdir(/home/andrey/proglog-rs)
chdir(/home/andrey/proglog-rs)
chdir(/home/andrey/.local/share/nvim/lazy/workspaces.nvim/lua/workspaces/)
chdir(/home/andrey/proglog-rs)
chdir(/home/andrey/proglog-rs)
chdir(/home/andrey/.local/share/nvim/lazy/workspaces.nvim/lua/workspaces/)
chdir(/home/andrey/proglog-rs)
chdir(/home/andrey/proglog-rs)
chdir(/home/andrey/.local/share/nvim/lazy/workspaces.nvim/lua/workspaces/)
chdir(/home/andrey/proglog-rs)
chdir(/home/andrey/proglog-rs)
chdir(/home/andrey/.local/share/nvim/lazy/workspaces.nvim/lua/workspaces/)
chdir(/home/andrey/proglog-rs)
chdir(/home/andrey/proglog-rs)
chdir(/home/andrey/.local/share/nvim/lazy/workspaces.nvim/lua/workspaces/)
chdir(/home/andrey/proglog-rs)
chdir(/home/andrey/proglog-rs)
chdir(/home/andrey/.local/share/nvim/lazy/workspaces.nvim/lua/workspaces/)
chdir(/home/andrey/proglog-rs)
chdir(/home/andrey/proglog-rs)
chdir(/home/andrey/.local/share/nvimlazy/lazy.nvim/lua/lazy/core/)
chdir(/home/andrey/proglog-rs)
chdir(/home/andrey/proglog-rs)
chdir(/home/andrey/.local/share/nvimlazy/lazy.nvim/lua/lazy/core/)
chdir(/home/andrey/proglog-rs)
chdir(/home/andrey/proglog-rs)
chdir(/home/andrey/.local/share/nvim/lazy/vim-be-good/plugin/)
chdir(/home/andrey/proglog-rs)
line 0: sourcing "/home/andrey/.local/share/nvim/lazy/vim-be-good/plugin/vim-be-good.vim"
finished sourcing /home/andrey/.local/share/nvim/lazy/vim-be-good/plugin/vim-be-good.vim
continuing in nvim_exec2() called at /home/andrey/.config/nvim/init.lua:0
chdir(/home/andrey/proglog-rs)
chdir(/home/andrey/.local/share/nvimlazy/lazy.nvim/lua/lazy/core/)
chdir(/home/andrey/proglog-rs)
chdir(/home/andrey/proglog-rs)
chdir(/home/andrey/.local/share/nvimlazy/lazy.nvim/lua/lazy/core/)
chdir(/home/andrey/proglog-rs)
chdir(/home/andrey/proglog-rs)
chdir(/home/andrey/.local/share/nvim/lazy/nvim-web-devicons/plugin/)
chdir(/home/andrey/proglog-rs)
line 0: sourcing "/home/andrey/.local/share/nvim/lazy/nvim-web-devicons/plugin/nvim-web-devicons.vim"
finished sourcing /home/andrey/.local/share/nvim/lazy/nvim-web-devicons/plugin/nvim-web-devicons.vim
continuing in nvim_exec2() called at /home/andrey/.config/nvim/init.lua:0
chdir(/home/andrey/proglog-rs)
chdir(/home/andrey/.local/share/nvimlazy/lazy.nvim/lua/lazy/core/handler/)
chdir(/home/andrey/proglog-rs)
chdir(/home/andrey/proglog-rs)
chdir(/home/andrey/.local/share/nvimlazy/lazy.nvim/lua/lazy/core/handler/)
chdir(/home/andrey/proglog-rs)
chdir(/home/andrey/proglog-rs)
chdir(/home/andrey/.local/share/nvimlazy/lazy.nvim/lua/lazy/core/handler/)
chdir(/home/andrey/proglog-rs)
chdir(/home/andrey/proglog-rs)
chdir(/home/andrey/.local/share/nvimlazy/lazy.nvim/lua/lazy/core/handler/)
chdir(/home/andrey/proglog-rs)
chdir(/home/andrey/proglog-rs)
chdir(/home/andrey/.local/share/nvimlazy/lazy.nvim/lua/lazy/core/)
chdir(/home/andrey/proglog-rs)
chdir(/home/andrey/proglog-rs)
chdir(/home/andrey/.local/share/nvim/lazy/persistence.nvim/lua/persistence/)
chdir(/home/andrey/proglog-rs)
chdir(/home/andrey/proglog-rs)
chdir(/home/andrey/.local/share/nvimlazy/lazy.nvim/lua/lazy/core/)
chdir(/home/andrey/proglog-rs)
chdir(/home/andrey/proglog-rs)
chdir(/home/andrey/.local/share/nvim/lazy/plenary.nvim/plugin/)
chdir(/home/andrey/proglog-rs)
line 0: sourcing "/home/andrey/.local/share/nvim/lazy/plenary.nvim/plugin/plenary.vim"
finished sourcing /home/andrey/.local/share/nvim/lazy/plenary.nvim/plugin/plenary.vim
continuing in nvim_exec2() called at /home/andrey/.config/nvim/init.lua:0
chdir(/home/andrey/proglog-rs)
chdir(/home/andrey/.local/share/nvimlazy/lazy.nvim/lua/lazy/core/)
chdir(/home/andrey/proglog-rs)
chdir(/home/andrey/proglog-rs)
chdir(/home/andrey/.local/share/nvim/lazy/mini.icons/lua/mini/)
chdir(/home/andrey/proglog-rs)
Executing command: "'/bin/bash' '-c' 'git branch --show-current'"


chdir(/home/andrey/proglog-rs)
chdir(/home/andrey/.local/share/nvim/lazy/mini.icons/lua/mini/)
chdir(/home/andrey/proglog-rs)
chdir(/home/andrey/proglog-rs)
chdir(/home/andrey/.local/share/nvim/lazy/mini.icons/lua/mini/)
chdir(/home/andrey/proglog-rs)
chdir(/home/andrey/proglog-rs)
chdir(/home/andrey/.local/share/nvim/lazy/mini.icons/lua/mini/)
chdir(/home/andrey/proglog-rs)
chdir(/home/andrey/proglog-rs)
chdir(/home/andrey/.local/share/nvim/lazy/mini.icons/lua/mini/)
chdir(/home/andrey/proglog-rs)
chdir(/home/andrey/proglog-rs)
chdir(/home/andrey/.local/share/nvim/lazy/alpha-nvim/lua/)
chdir(/home/andrey/proglog-rs)
chdir(/home/andrey/proglog-rs)
chdir(/home/andrey/.local/share/nvim/lazy/alpha-nvim/lua/)
chdir(/home/andrey/proglog-rs)
chdir(/home/andrey/proglog-rs)
chdir(/home/andrey/.local/share/nvim/lazy/alpha-nvim/lua/)
chdir(/home/andrey/proglog-rs)
chdir(/home/andrey/proglog-rs)
chdir(/home/andrey/.local/share/nvim/lazy/alpha-nvim/lua/)
chdir(/home/andrey/proglog-rs)
chdir(/home/andrey/proglog-rs)
chdir(/home/andrey/.local/share/nvimlazy/lazy.nvim/lua/lazy/core/)
chdir(/home/andrey/proglog-rs)
chdir(/home/andrey/proglog-rs)
chdir(/home/andrey/.local/share/nvim/lazy/vim-fugitive/plugin/)
chdir(/home/andrey/proglog-rs)
line 0: sourcing "/home/andrey/.local/share/nvim/lazy/vim-fugitive/plugin/fugitive.vim"
finished sourcing /home/andrey/.local/share/nvim/lazy/vim-fugitive/plugin/fugitive.vim
continuing in nvim_exec2() called at /home/andrey/.config/nvim/init.lua:0
chdir(/home/andrey/proglog-rs)
chdir(/home/andrey/.local/share/nvim/lazy/vim-fugitive/ftdetect/)
chdir(/home/andrey/proglog-rs)
line 0: sourcing "/home/andrey/.local/share/nvim/lazy/vim-fugitive/ftdetect/fugitive.vim"
finished sourcing /home/andrey/.local/share/nvim/lazy/vim-fugitive/ftdetect/fugitive.vim
continuing in nvim_exec2() called at /home/andrey/.config/nvim/init.lua:0
chdir(/home/andrey/proglog-rs)
chdir(/home/andrey/.local/share/nvimlazy/lazy.nvim/lua/lazy/core/)
chdir(/home/andrey/proglog-rs)
chdir(/home/andrey/proglog-rs)
chdir(/home/andrey/.local/share/nvim/lazy/vim-commentary/plugin/)
chdir(/home/andrey/proglog-rs)
line 0: sourcing "/home/andrey/.local/share/nvim/lazy/vim-commentary/plugin/commentary.vim"
finished sourcing /home/andrey/.local/share/nvim/lazy/vim-commentary/plugin/commentary.vim
continuing in nvim_exec2() called at /home/andrey/.config/nvim/init.lua:0
chdir(/home/andrey/proglog-rs)
chdir(/home/andrey/.local/share/nvimlazy/lazy.nvim/lua/lazy/core/handler/)
chdir(/home/andrey/proglog-rs)
chdir(/home/andrey/proglog-rs)
chdir(/home/andrey/.local/share/nvimlazy/lazy.nvim/lua/lazy/core/handler/)
chdir(/home/andrey/proglog-rs)
chdir(/home/andrey/proglog-rs)
chdir(/home/andrey/.local/share/nvimlazy/lazy.nvim/lua/lazy/core/handler/)
chdir(/home/andrey/proglog-rs)
chdir(/home/andrey/proglog-rs)
chdir(/home/andrey/.local/share/nvimlazy/lazy.nvim/lua/lazy/core/)
chdir(/home/andrey/proglog-rs)
chdir(/home/andrey/proglog-rs)
chdir(/home/andrey/.local/share/nvim/lazy/bufferline.nvim/lua/bufferline/)
chdir(/home/andrey/proglog-rs)
chdir(/home/andrey/proglog-rs)
chdir(/home/andrey/.local/share/nvim/lazy/bufferline.nvim/lua/)
chdir(/home/andrey/proglog-rs)
chdir(/home/andrey/proglog-rs)
chdir(/home/andrey/.local/share/nvim/lazy/bufferline.nvim/lua/)
chdir(/home/andrey/proglog-rs)
chdir(/home/andrey/proglog-rs)
chdir(/home/andrey/.local/share/nvim/lazy/bufferline.nvim/lua/)
chdir(/home/andrey/proglog-rs)
chdir(/home/andrey/proglog-rs)
chdir(/home/andrey/.local/share/nvim/lazy/bufferline.nvim/lua/)
chdir(/home/andrey/proglog-rs)
chdir(/home/andrey/proglog-rs)
chdir(/home/andrey/.local/share/nvim/lazy/bufferline.nvim/lua/)
chdir(/home/andrey/proglog-rs)
chdir(/home/andrey/proglog-rs)
chdir(/home/andrey/.local/share/nvim/lazy/bufferline.nvim/lua/)
chdir(/home/andrey/proglog-rs)
chdir(/home/andrey/proglog-rs)
chdir(/home/andrey/.local/share/nvim/lazy/bufferline.nvim/lua/)
chdir(/home/andrey/proglog-rs)
chdir(/home/andrey/proglog-rs)
chdir(/home/andrey/.local/share/nvim/lazy/bufferline.nvim/lua/)
chdir(/home/andrey/proglog-rs)
chdir(/home/andrey/proglog-rs)
chdir(/home/andrey/.local/share/nvim/lazy/bufferline.nvim/lua/)
chdir(/home/andrey/proglog-rs)
chdir(/home/andrey/proglog-rs)
chdir(/home/andrey/.local/share/nvim/lazy/bufferline.nvim/lua/)
chdir(/home/andrey/proglog-rs)
chdir(/home/andrey/proglog-rs)
chdir(/home/andrey/.local/share/nvim/lazy/bufferline.nvim/lua/)
chdir(/home/andrey/proglog-rs)
chdir(/home/andrey/proglog-rs)
chdir(/home/andrey/.local/share/nvim/lazy/bufferline.nvim/lua/)
chdir(/home/andrey/proglog-rs)
chdir(/home/andrey/proglog-rs)
chdir(/home/andrey/.local/share/nvim/lazy/bufferline.nvim/lua/)
chdir(/home/andrey/proglog-rs)
chdir(/home/andrey/proglog-rs)
chdir(/home/andrey/.local/share/nvim/lazy/bufferline.nvim/lua/)
chdir(/home/andrey/proglog-rs)
chdir(/home/andrey/proglog-rs)
chdir(/home/andrey/.local/share/nvim/lazy/bufferline.nvim/lua/)
chdir(/home/andrey/proglog-rs)
chdir(/home/andrey/proglog-rs)
chdir(/home/andrey/.local/share/nvim/lazy/bufferline.nvim/lua/)
chdir(/home/andrey/proglog-rs)
chdir(/home/andrey/proglog-rs)
chdir(/home/andrey/.local/share/nvim/lazy/bufferline.nvim/lua/)
chdir(/home/andrey/proglog-rs)
chdir(/home/andrey/proglog-rs)
chdir(/home/andrey/.local/share/nvim/lazy/bufferline.nvim/lua/)
chdir(/home/andrey/proglog-rs)
chdir(/home/andrey/proglog-rs)
chdir(/home/andrey/.local/share/nvim/lazy/bufferline.nvim/lua/)
chdir(/home/andrey/proglog-rs)
chdir(/home/andrey/proglog-rs)
chdir(/home/andrey/.local/share/nvim/lazy/bufferline.nvim/lua/)
chdir(/home/andrey/proglog-rs)
chdir(/home/andrey/proglog-rs)
chdir(/home/andrey/.local/share/nvim/lazy/bufferline.nvim/lua/)
chdir(/home/andrey/proglog-rs)
chdir(/home/andrey/proglog-rs)
chdir(/home/andrey/.local/share/nvim/lazy/bufferline.nvim/lua/)
chdir(/home/andrey/proglog-rs)
chdir(/home/andrey/proglog-rs)
chdir(/home/andrey/.local/share/nvim/lazy/bufferline.nvim/lua/)
chdir(/home/andrey/proglog-rs)
chdir(/home/andrey/proglog-rs)
chdir(/home/andrey/.local/share/nvim/lazy/bufferline.nvim/lua/)
chdir(/home/andrey/proglog-rs)
chdir(/home/andrey/proglog-rs)
chdir(/home/andrey/.local/share/nvim/lazy/bufferline.nvim/lua/)
chdir(/home/andrey/proglog-rs)
chdir(/home/andrey/proglog-rs)
chdir(/home/andrey/.local/share/nvim/lazy/bufferline.nvim/lua/)
chdir(/home/andrey/proglog-rs)
chdir(/home/andrey/proglog-rs)
chdir(/home/andrey/.local/share/nvim/lazy/LazyVim/lua/lazyvim/plugins/)
chdir(/home/andrey/proglog-rs)
chdir(/home/andrey/proglog-rs)
chdir(/home/andrey/.local/share/nvim/lazy/LazyVim/lua/lazyvim/plugins/)
chdir(/home/andrey/proglog-rs)
chdir(/home/andrey/proglog-rs)
chdir(/usr/local/share/nvim/runtime/plugin/)
chdir(/home/andrey/proglog-rs)
line 0: sourcing "/usr/local/share/nvim/runtime/plugin/editorconfig.lua"
chdir(/home/andrey/proglog-rs)
chdir(/usr/local/share/nvim/runtime/plugin/)
chdir(/home/andrey/proglog-rs)
chdir(/home/andrey/proglog-rs)
chdir(/usr/local/share/nvim/runtime/plugin/)
chdir(/home/andrey/proglog-rs)
chdir(/home/andrey/proglog-rs)
chdir(/usr/local/share/nvim/runtime/plugin/)
chdir(/home/andrey/proglog-rs)
finished sourcing /usr/local/share/nvim/runtime/plugin/editorconfig.lua
continuing in nvim_exec2() called at /home/andrey/.config/nvim/init.lua:0
chdir(/home/andrey/proglog-rs)
chdir(/usr/local/share/nvim/runtime/plugin/)
chdir(/home/andrey/proglog-rs)
line 0: sourcing "/usr/local/share/nvim/runtime/plugin/man.lua"
chdir(/home/andrey/proglog-rs)
chdir(/usr/local/share/nvim/runtime/plugin/)
chdir(/home/andrey/proglog-rs)
chdir(/home/andrey/proglog-rs)
chdir(/usr/local/share/nvim/runtime/plugin/)
chdir(/home/andrey/proglog-rs)
finished sourcing /usr/local/share/nvim/runtime/plugin/man.lua
continuing in nvim_exec2() called at /home/andrey/.config/nvim/init.lua:0
chdir(/home/andrey/proglog-rs)
chdir(/usr/local/share/nvim/runtime/plugin/)
chdir(/home/andrey/proglog-rs)
line 0: sourcing "/usr/local/share/nvim/runtime/plugin/matchit.vim"
not found in 'packpath': "pack/*/start/matchit"
chdir(/home/andrey/proglog-rs)
chdir(/usr/local/share/nvim/runtime/)
chdir(/home/andrey/proglog-rs)
chdir(/home/andrey/proglog-rs)
chdir(/home/andrey/.config/nvim/)
chdir(/home/andrey/proglog-rs)
chdir(/home/andrey/proglog-rs)
chdir(/home/andrey/.local/share/nvimlazy/lazy.nvim/)
chdir(/home/andrey/proglog-rs)
chdir(/home/andrey/proglog-rs)
chdir(/home/andrey/.local/share/nvim/lazy/bufferline.nvim/)
chdir(/home/andrey/proglog-rs)
chdir(/home/andrey/proglog-rs)
chdir(/home/andrey/.local/share/nvim/lazy/vim-commentary/)
chdir(/home/andrey/proglog-rs)
chdir(/home/andrey/proglog-rs)
chdir(/home/andrey/.local/share/nvim/lazy/vim-fugitive/)
chdir(/home/andrey/proglog-rs)
chdir(/home/andrey/proglog-rs)
chdir(/home/andrey/.local/share/nvim/lazy/mini.icons/)
chdir(/home/andrey/proglog-rs)
chdir(/home/andrey/proglog-rs)
chdir(/home/andrey/.local/share/nvim/lazy/plenary.nvim/)
chdir(/home/andrey/proglog-rs)
chdir(/home/andrey/proglog-rs)
chdir(/home/andrey/.local/share/nvim/lazy/persistence.nvim/)
chdir(/home/andrey/proglog-rs)
chdir(/home/andrey/proglog-rs)
chdir(/home/andrey/.local/share/nvim/lazy/nvim-web-devicons/)
chdir(/home/andrey/proglog-rs)
chdir(/home/andrey/proglog-rs)
chdir(/home/andrey/.local/share/nvim/lazy/alpha-nvim/)
chdir(/home/andrey/proglog-rs)
chdir(/home/andrey/proglog-rs)
chdir(/home/andrey/.local/share/nvim/lazy/vim-be-good/)
chdir(/home/andrey/proglog-rs)
chdir(/home/andrey/proglog-rs)
chdir(/home/andrey/.local/share/nvim/lazy/mason-lspconfig.nvim/)
chdir(/home/andrey/proglog-rs)
chdir(/home/andrey/proglog-rs)
chdir(/home/andrey/.local/share/nvim/lazy/workspaces.nvim/)
chdir(/home/andrey/proglog-rs)
chdir(/home/andrey/proglog-rs)
chdir(/home/andrey/.local/share/nvim/lazy/vim-signify/)
chdir(/home/andrey/proglog-rs)
chdir(/home/andrey/proglog-rs)
chdir(/home/andrey/.local/share/nvim/lazy/vim-go/)
chdir(/home/andrey/proglog-rs)
chdir(/home/andrey/proglog-rs)
chdir(/home/andrey/.local/share/nvim/lazy/snacks.nvim/)
chdir(/home/andrey/proglog-rs)
chdir(/home/andrey/proglog-rs)
chdir(/home/andrey/.local/share/nvim/lazy/rose-pine/)
chdir(/home/andrey/proglog-rs)
chdir(/home/andrey/proglog-rs)
chdir(/home/andrey/.local/share/nvim/lazy/LazyVim/)
chdir(/home/andrey/proglog-rs)
chdir(/home/andrey/proglog-rs)
chdir(/home/andrey/.local/share/nvim/lazy/nvim-treesitter/)
chdir(/home/andrey/proglog-rs)
chdir(/home/andrey/proglog-rs)
chdir(/usr/local/share/nvim/runtime/)
chdir(/home/andrey/proglog-rs)
chdir(/home/andrey/proglog-rs)
chdir(/usr/local/share/nvim/runtime/pack/dist/opt/)
chdir(/home/andrey/proglog-rs)
chdir(/home/andrey/proglog-rs)
chdir(/usr/local/share/nvim/runtime/pack/dist/opt/matchit/plugin/)
chdir(/home/andrey/proglog-rs)
line 3: sourcing "/usr/local/share/nvim/runtime/pack/dist/opt/matchit/plugin/matchit.vim"
finished sourcing /usr/local/share/nvim/runtime/pack/dist/opt/matchit/plugin/matchit.vim
continuing in /usr/local/share/nvim/runtime/plugin/matchit.vim
finished sourcing /usr/local/share/nvim/runtime/plugin/matchit.vim
continuing in nvim_exec2() called at /home/andrey/.config/nvim/init.lua:0
chdir(/home/andrey/proglog-rs)
chdir(/usr/local/share/nvim/runtime/plugin/)
chdir(/home/andrey/proglog-rs)
line 0: sourcing "/usr/local/share/nvim/runtime/plugin/matchparen.vim"
finished sourcing /usr/local/share/nvim/runtime/plugin/matchparen.vim
continuing in nvim_exec2() called at /home/andrey/.config/nvim/init.lua:0
chdir(/home/andrey/proglog-rs)
chdir(/usr/local/share/nvim/runtime/plugin/)
chdir(/home/andrey/proglog-rs)
line 0: sourcing "/usr/local/share/nvim/runtime/plugin/netrwPlugin.vim"
finished sourcing /usr/local/share/nvim/runtime/plugin/netrwPlugin.vim
continuing in nvim_exec2() called at /home/andrey/.config/nvim/init.lua:0
chdir(/home/andrey/proglog-rs)
chdir(/usr/local/share/nvim/runtime/plugin/)
chdir(/home/andrey/proglog-rs)
line 0: sourcing "/usr/local/share/nvim/runtime/plugin/nvim.lua"
chdir(/home/andrey/proglog-rs)
chdir(/usr/local/share/nvim/runtime/plugin/)
chdir(/home/andrey/proglog-rs)
chdir(/home/andrey/proglog-rs)
chdir(/usr/local/share/nvim/runtime/plugin/)
chdir(/home/andrey/proglog-rs)
finished sourcing /usr/local/share/nvim/runtime/plugin/nvim.lua
continuing in nvim_exec2() called at /home/andrey/.config/nvim/init.lua:0
chdir(/home/andrey/proglog-rs)
chdir(/usr/local/share/nvim/runtime/plugin/)
chdir(/home/andrey/proglog-rs)
line 0: sourcing "/usr/local/share/nvim/runtime/plugin/rplugin.vim"
finished sourcing /usr/local/share/nvim/runtime/plugin/rplugin.vim
continuing in nvim_exec2() called at /home/andrey/.config/nvim/init.lua:0
chdir(/home/andrey/proglog-rs)
chdir(/usr/local/share/nvim/runtime/plugin/)
chdir(/home/andrey/proglog-rs)
line 0: sourcing "/usr/local/share/nvim/runtime/plugin/shada.vim"
finished sourcing /usr/local/share/nvim/runtime/plugin/shada.vim
continuing in nvim_exec2() called at /home/andrey/.config/nvim/init.lua:0
chdir(/home/andrey/proglog-rs)
chdir(/usr/local/share/nvim/runtime/plugin/)
chdir(/home/andrey/proglog-rs)
line 0: sourcing "/usr/local/share/nvim/runtime/plugin/spellfile.vim"
finished sourcing /usr/local/share/nvim/runtime/plugin/spellfile.vim
continuing in nvim_exec2() called at /home/andrey/.config/nvim/init.lua:0
Executing User Autocommands for "LazyDone"
autocommand <Lua 8: ~/.local/share/nvimlazy/lazy.nvim/lua/lazy/core/util.lua:183>

chdir(/home/andrey/proglog-rs)
chdir(/home/andrey/.local/share/nvimlazy/lazy.nvim/lua/lazy/core/)
chdir(/home/andrey/proglog-rs)
finished sourcing /home/andrey/.config/nvim/init.lua
chdir(/home/andrey/proglog-rs)
chdir(/usr/local/share/nvim/runtime/)
chdir(/home/andrey/proglog-rs)
sourcing "/usr/local/share/nvim/runtime/filetype.lua"
finished sourcing /usr/local/share/nvim/runtime/filetype.lua
chdir(/home/andrey/proglog-rs)
chdir(/usr/local/share/nvim/runtime/syntax/)
chdir(/home/andrey/proglog-rs)
sourcing "/usr/local/share/nvim/runtime/syntax/syntax.vim"
chdir(/home/andrey/proglog-rs)
chdir(/usr/local/share/nvim/runtime/syntax/)
chdir(/home/andrey/proglog-rs)
line 19: sourcing "/usr/local/share/nvim/runtime/syntax/synload.vim"
finished sourcing /usr/local/share/nvim/runtime/syntax/synload.vim
continuing in /usr/local/share/nvim/runtime/syntax/syntax.vim
Executing FileType Autocommands for "*"
autocommand if !exists('b:ts_highlight') | 0verbose exe "set syntax=" . expand("<amatch>") | endif

Executing FileType Autocommands for "*"
autocommand if !exists('b:ts_highlight') | 0verbose exe "set syntax=" . expand("<amatch>") | endif

finished sourcing /usr/local/share/nvim/runtime/syntax/syntax.vim
Reading ShaDa file "/home/andrey/.local/state/nvim/shada/main.shada" info marks oldfiles
Executing BufWinEnter Autocommands for "*"
autocommand call s:Highlight_Matching_Pair()

Executing BufEnter Autocommands for "*"
autocommand set relativenumber

Executing BufEnter Autocommands for "*"
autocommand <Lua 231: ~/.local/share/nvim/lazy/LazyVim/lua/lazyvim/plugins/extras/editor/neo-tree.lua:49>

Executing BufEnter Autocommands for "*"
autocommand <Lua 243: ~/.local/share/nvim/lazy/snacks.nvim/lua/snacks/init.lua:187>

Executing BufEnter Autocommands for "*"
autocommand <Lua 380: ~/.local/share/nvim/lazy/bufferline.nvim/lua/bufferline.lua:141>

Executing BufEnter Autocommands for "*"
autocommand sil call s:LocalBrowse(expand("<amatch>"))

Executing VimEnter Autocommands for "*"
autocommand <Lua 348: ~/.local/share/nvim/lazy/alpha-nvim/lua/alpha.lua:784>

chdir(/home/andrey/proglog-rs)
chdir(/home/andrey/.local/share/nvim/lazy/alpha-nvim/lua/)
chdir(/home/andrey/proglog-rs)
chdir(/home/andrey/proglog-rs)
chdir(/home/andrey/.local/share/nvim/lazy/alpha-nvim/lua/)
chdir(/home/andrey/proglog-rs)
chdir(/home/andrey/proglog-rs)
chdir(/home/andrey/.local/share/nvim/lazy/alpha-nvim/lua/)
chdir(/home/andrey/proglog-rs)
chdir(/home/andrey/proglog-rs)
chdir(/home/andrey/.local/share/nvim/lazy/alpha-nvim/lua/)
chdir(/home/andrey/proglog-rs)
Executing BufDelete Autocommands for "*"
autocommand <Lua 384: ~/.local/share/nvim/lazy/LazyVim/lua/lazyvim/plugins/ui.lua:54>

chdir(/home/andrey/proglog-rs)
chdir(/home/andrey/.local/share/nvim/lazy/alpha-nvim/lua/)
chdir(/home/andrey/proglog-rs)
chdir(/home/andrey/proglog-rs)
chdir(/home/andrey/.local/share/nvim/lazy/alpha-nvim/lua/)
chdir(/home/andrey/proglog-rs)
chdir(/home/andrey/proglog-rs)
chdir(/home/andrey/.local/share/nvim/lazy/alpha-nvim/lua/)
chdir(/home/andrey/proglog-rs)
chdir(/home/andrey/proglog-rs)
chdir(/home/andrey/.local/share/nvim/lazy/alpha-nvim/lua/)
chdir(/home/andrey/proglog-rs)
Executing FileType Autocommands for "*"
autocommand call s:LoadFTPlugin()

not found in runtime path: "ftplugin/alpha.vim ftplugin/alpha_*.vim ftplugin/alpha/*.vim"
not found in runtime path: "ftplugin/alpha.lua ftplugin/alpha_*.lua ftplugin/alpha/*.lua"
Executing FileType Autocommands for "*"
autocommand call s:LoadIndent()

not found in runtime path: "indent/alpha.vim"
not found in runtime path: "indent/alpha.lua"
Executing FileType Autocommands for "*"
autocommand call s:register()

Executing FileType Autocommands for "*"
autocommand if !exists('b:ts_highlight') | 0verbose exe "set syntax=" . expand("<amatch>") | endif

chdir(/home/andrey/proglog-rs)
chdir(/home/andrey/.local/share/nvim/lazy/alpha-nvim/lua/)
chdir(/home/andrey/proglog-rs)
chdir(/home/andrey/proglog-rs)
chdir(/home/andrey/.local/share/nvim/lazy/alpha-nvim/lua/)
chdir(/home/andrey/proglog-rs)
chdir(/home/andrey/proglog-rs)
chdir(/home/andrey/.local/share/nvim/lazy/alpha-nvim/lua/)
chdir(/home/andrey/proglog-rs)
chdir(/home/andrey/proglog-rs)
chdir(/home/andrey/.local/share/nvim/lazy/alpha-nvim/lua/)
chdir(/home/andrey/proglog-rs)
not found in runtime path: "parser/alpha.*"
chdir(/home/andrey/proglog-rs)
chdir(/home/andrey/.local/share/nvim/lazy/alpha-nvim/lua/)
chdir(/home/andrey/proglog-rs)
chdir(/home/andrey/proglog-rs)
chdir(/home/andrey/.local/share/nvim/lazy/alpha-nvim/lua/)
chdir(/home/andrey/proglog-rs)
chdir(/home/andrey/proglog-rs)
chdir(/home/andrey/.local/share/nvim/lazy/alpha-nvim/lua/)
chdir(/home/andrey/proglog-rs)
chdir(/home/andrey/proglog-rs)
chdir(/home/andrey/.local/share/nvim/lazy/alpha-nvim/lua/)
chdir(/home/andrey/proglog-rs)
chdir(/home/andrey/proglog-rs)
chdir(/home/andrey/.local/share/nvim/lazy/alpha-nvim/lua/)
chdir(/home/andrey/proglog-rs)
chdir(/home/andrey/proglog-rs)
chdir(/home/andrey/.local/share/nvim/lazy/alpha-nvim/lua/)
chdir(/home/andrey/proglog-rs)
chdir(/home/andrey/proglog-rs)
chdir(/home/andrey/.local/share/nvim/lazy/alpha-nvim/lua/)
chdir(/home/andrey/proglog-rs)
chdir(/home/andrey/proglog-rs)
chdir(/home/andrey/.local/share/nvim/lazy/alpha-nvim/lua/)
chdir(/home/andrey/proglog-rs)
chdir(/home/andrey/proglog-rs)
chdir(/home/andrey/.local/share/nvim/lazy/alpha-nvim/lua/)
chdir(/home/andrey/proglog-rs)
chdir(/home/andrey/proglog-rs)
chdir(/home/andrey/.local/share/nvim/lazy/alpha-nvim/lua/)
chdir(/home/andrey/proglog-rs)
chdir(/home/andrey/proglog-rs)
chdir(/home/andrey/.local/share/nvim/lazy/alpha-nvim/lua/)
chdir(/home/andrey/proglog-rs)
chdir(/home/andrey/proglog-rs)
chdir(/home/andrey/.local/share/nvim/lazy/alpha-nvim/lua/)
chdir(/home/andrey/proglog-rs)
chdir(/home/andrey/proglog-rs)
chdir(/home/andrey/.local/share/nvim/lazy/alpha-nvim/lua/alpha/themes/)
chdir(/home/andrey/proglog-rs)
chdir(/home/andrey/proglog-rs)
chdir(/home/andrey/.local/share/nvim/lazy/alpha-nvim/lua/)
chdir(/home/andrey/proglog-rs)
chdir(/home/andrey/proglog-rs)
chdir(/home/andrey/.local/share/nvim/lazy/alpha-nvim/lua/)
chdir(/home/andrey/proglog-rs)
chdir(/home/andrey/proglog-rs)
chdir(/home/andrey/.local/share/nvim/lazy/alpha-nvim/lua/)
chdir(/home/andrey/proglog-rs)
chdir(/home/andrey/proglog-rs)
chdir(/home/andrey/.local/share/nvim/lazy/alpha-nvim/lua/)
chdir(/home/andrey/proglog-rs)
chdir(/home/andrey/proglog-rs)
chdir(/home/andrey/.local/share/nvim/lazy/alpha-nvim/lua/)
chdir(/home/andrey/proglog-rs)
chdir(/home/andrey/proglog-rs)
chdir(/home/andrey/.local/share/nvim/lazy/alpha-nvim/lua/)
chdir(/home/andrey/proglog-rs)
chdir(/home/andrey/proglog-rs)
chdir(/home/andrey/.local/share/nvim/lazy/alpha-nvim/lua/)
chdir(/home/andrey/proglog-rs)
chdir(/home/andrey/proglog-rs)
chdir(/home/andrey/.local/share/nvim/lazy/alpha-nvim/lua/)
chdir(/home/andrey/proglog-rs)
chdir(/home/andrey/proglog-rs)
chdir(/home/andrey/.local/share/nvim/lazy/alpha-nvim/lua/)
chdir(/home/andrey/proglog-rs)
chdir(/home/andrey/proglog-rs)
chdir(/home/andrey/.local/share/nvim/lazy/alpha-nvim/lua/)
chdir(/home/andrey/proglog-rs)
chdir(/home/andrey/proglog-rs)
chdir(/home/andrey/.local/share/nvim/lazy/alpha-nvim/lua/)
chdir(/home/andrey/proglog-rs)
chdir(/home/andrey/proglog-rs)
chdir(/home/andrey/.local/share/nvim/lazy/alpha-nvim/lua/)
chdir(/home/andrey/proglog-rs)
chdir(/home/andrey/proglog-rs)
chdir(/home/andrey/.local/share/nvim/lazy/alpha-nvim/lua/)
chdir(/home/andrey/proglog-rs)
chdir(/home/andrey/proglog-rs)
chdir(/home/andrey/.local/share/nvim/lazy/alpha-nvim/lua/)
chdir(/home/andrey/proglog-rs)
chdir(/home/andrey/proglog-rs)
chdir(/home/andrey/.local/share/nvim/lazy/alpha-nvim/lua/)
chdir(/home/andrey/proglog-rs)
chdir(/home/andrey/proglog-rs)
chdir(/home/andrey/.local/share/nvim/lazy/alpha-nvim/lua/)
chdir(/home/andrey/proglog-rs)
chdir(/home/andrey/proglog-rs)
chdir(/home/andrey/.local/share/nvim/lazy/alpha-nvim/lua/)
chdir(/home/andrey/proglog-rs)
chdir(/home/andrey/proglog-rs)
chdir(/home/andrey/.local/share/nvim/lazy/alpha-nvim/lua/)
chdir(/home/andrey/proglog-rs)
chdir(/home/andrey/proglog-rs)
chdir(/home/andrey/.local/share/nvim/lazy/alpha-nvim/lua/)
chdir(/home/andrey/proglog-rs)
chdir(/home/andrey/proglog-rs)
chdir(/home/andrey/.local/share/nvim/lazy/alpha-nvim/lua/)
chdir(/home/andrey/proglog-rs)
chdir(/home/andrey/proglog-rs)
chdir(/home/andrey/.local/share/nvim/lazy/alpha-nvim/lua/)
chdir(/home/andrey/proglog-rs)
chdir(/home/andrey/proglog-rs)
chdir(/home/andrey/.local/share/nvim/lazy/alpha-nvim/lua/)
chdir(/home/andrey/proglog-rs)
chdir(/home/andrey/proglog-rs)
chdir(/home/andrey/.local/share/nvim/lazy/alpha-nvim/lua/)
chdir(/home/andrey/proglog-rs)
chdir(/home/andrey/proglog-rs)
chdir(/home/andrey/.local/share/nvim/lazy/alpha-nvim/lua/)
chdir(/home/andrey/proglog-rs)
chdir(/home/andrey/proglog-rs)
chdir(/home/andrey/.local/share/nvim/lazy/alpha-nvim/lua/)
chdir(/home/andrey/proglog-rs)
chdir(/home/andrey/proglog-rs)
chdir(/home/andrey/.local/share/nvim/lazy/alpha-nvim/lua/)
chdir(/home/andrey/proglog-rs)
chdir(/home/andrey/proglog-rs)
chdir(/home/andrey/.local/share/nvim/lazy/alpha-nvim/lua/)
chdir(/home/andrey/proglog-rs)
chdir(/home/andrey/proglog-rs)
chdir(/home/andrey/.local/share/nvim/lazy/alpha-nvim/lua/)
chdir(/home/andrey/proglog-rs)
chdir(/home/andrey/proglog-rs)
chdir(/home/andrey/.local/share/nvim/lazy/alpha-nvim/lua/)
chdir(/home/andrey/proglog-rs)
Executing VimEnter Autocommands for "*"
autocommand sil call s:VimEnter(expand("<amatch>"))

Executing UIEnter Autocommands for "*"
autocommand <Lua 6: ~/.local/share/nvimlazy/lazy.nvim/lua/lazy/core/config.lua:313>

Executing UIEnter Autocommands for "*"
autocommand <Lua 246: ~/.local/share/nvim/lazy/snacks.nvim/lua/snacks/init.lua:187>

chdir(/home/andrey/proglog-rs)
chdir(/home/andrey/.local/share/nvim/lazy/snacks.nvim/lua/snacks/util/)
chdir(/home/andrey/proglog-rs)
chdir(/home/andrey/proglog-rs)
chdir(/home/andrey/.local/share/nvim/lazy/snacks.nvim/lua/snacks/)
chdir(/home/andrey/proglog-rs)
chdir(/home/andrey/proglog-rs)
chdir(/home/andrey/.local/share/nvim/lazy/snacks.nvim/lua/snacks/)
chdir(/home/andrey/proglog-rs)
chdir(/home/andrey/proglog-rs)
chdir(/home/andrey/.local/share/nvim/lazy/snacks.nvim/lua/snacks/)
chdir(/home/andrey/proglog-rs)
chdir(/home/andrey/proglog-rs)
chdir(/home/andrey/.local/share/nvim/lazy/snacks.nvim/lua/snacks/)
chdir(/home/andrey/proglog-rs)
chdir(/home/andrey/proglog-rs)
chdir(/home/andrey/.local/share/nvim/lazy/snacks.nvim/lua/snacks/)
chdir(/home/andrey/proglog-rs)
chdir(/home/andrey/proglog-rs)
chdir(/home/andrey/.local/share/nvim/lazy/snacks.nvim/lua/snacks/)
chdir(/home/andrey/proglog-rs)
chdir(/home/andrey/proglog-rs)
chdir(/home/andrey/.local/share/nvim/lazy/snacks.nvim/lua/snacks/)
chdir(/home/andrey/proglog-rs)
chdir(/home/andrey/proglog-rs)
chdir(/home/andrey/.local/share/nvim/lazy/snacks.nvim/lua/snacks/)
chdir(/home/andrey/proglog-rs)
chdir(/home/andrey/proglog-rs)
chdir(/home/andrey/.local/share/nvim/lazy/snacks.nvim/lua/snacks/)
chdir(/home/andrey/proglog-rs)
chdir(/home/andrey/proglog-rs)
chdir(/home/andrey/.local/share/nvim/lazy/snacks.nvim/lua/snacks/)
chdir(/home/andrey/proglog-rs)
chdir(/home/andrey/proglog-rs)
chdir(/home/andrey/.local/share/nvim/lazy/snacks.nvim/lua/snacks/)
chdir(/home/andrey/proglog-rs)
chdir(/home/andrey/proglog-rs)
chdir(/home/andrey/.local/share/nvim/lazy/snacks.nvim/lua/snacks/)
chdir(/home/andrey/proglog-rs)
chdir(/home/andrey/proglog-rs)
chdir(/home/andrey/.local/share/nvim/lazy/snacks.nvim/lua/snacks/)
chdir(/home/andrey/proglog-rs)
chdir(/home/andrey/proglog-rs)
chdir(/home/andrey/.local/share/nvim/lazy/snacks.nvim/lua/snacks/)
chdir(/home/andrey/proglog-rs)
chdir(/home/andrey/proglog-rs)
chdir(/home/andrey/.local/share/nvim/lazy/snacks.nvim/lua/snacks/)
chdir(/home/andrey/proglog-rs)
chdir(/home/andrey/proglog-rs)
chdir(/home/andrey/.local/share/nvim/lazy/snacks.nvim/lua/snacks/)
chdir(/home/andrey/proglog-rs)
chdir(/home/andrey/proglog-rs)
chdir(/home/andrey/.local/share/nvim/lazy/snacks.nvim/lua/snacks/)
chdir(/home/andrey/proglog-rs)
chdir(/home/andrey/proglog-rs)
chdir(/home/andrey/.local/share/nvim/lazy/snacks.nvim/lua/snacks/)
chdir(/home/andrey/proglog-rs)
Executing UIEnter Autocommands for "*"
autocommand <Lua 401: ~/.local/share/nvimlazy/lazy.nvim/lua/lazy/core/util.lua:189>

Executing CursorMoved Autocommands for "*"
autocommand call s:Highlight_Matching_Pair()

Executing CursorMoved Autocommands for "<buffer=1>"
autocommand <Lua 405: ~/.local/share/nvim/lazy/alpha-nvim/lua/alpha.lua:525>

Executing CursorMoved Autocommands for "*"
autocommand <Lua 414: vim/_editor.lua:0>

Executing TextChanged Autocommands for "*"
autocommand call s:Highlight_Matching_Pair()

Executing TextChanged Autocommands for "*"
autocommand <Lua 412: ~/.local/share/nvim/lazy/snacks.nvim/lua/snacks/scroll.lua:152>

chdir(/home/andrey/proglog-rs)
chdir(vim/)
chdir(/home/andrey/proglog-rs)
Executing User Autocommands for "VeryLazy"
autocommand <Lua 7: ~/.local/share/nvimlazy/lazy.nvim/lua/lazy/core/config.lua:324>

chdir(/home/andrey/proglog-rs)
chdir(/home/andrey/.local/share/nvimlazy/lazy.nvim/lua/lazy/view/)
chdir(/home/andrey/proglog-rs)
chdir(/home/andrey/proglog-rs)
chdir(/home/andrey/.local/share/nvimlazy/lazy.nvim/lua/lazy/core/)
chdir(/home/andrey/proglog-rs)
chdir(/home/andrey/proglog-rs)
chdir(/home/andrey/.local/share/nvimlazy/lazy.nvim/lua/lazy/core/)
chdir(/home/andrey/proglog-rs)
chdir(/home/andrey/proglog-rs)
chdir(/home/andrey/.local/share/nvimlazy/lazy.nvim/lua/lazy/core/)
chdir(/home/andrey/proglog-rs)
chdir(/home/andrey/proglog-rs)
chdir(/home/andrey/.local/share/nvimlazy/lazy.nvim/lua/lazy/core/)
chdir(/home/andrey/proglog-rs)
chdir(/home/andrey/proglog-rs)
chdir(/home/andrey/.local/share/nvimlazy/lazy.nvim/lua/lazy/core/)
chdir(/home/andrey/proglog-rs)
Executing User Autocommands for "VeryLazy"
autocommand <Lua 20: ~/.local/share/nvim/lazy/LazyVim/lua/lazyvim/util/init.lua:91>

Executing User Autocommands for "VeryLazy"
autocommand <Lua 24: ~/.local/share/nvimlazy/lazy.nvim/lua/lazy/core/handler/event.lua:72>

chdir(/home/andrey/proglog-rs)
chdir(/home/andrey/.local/share/nvimlazy/lazy.nvim/lua/lazy/core/)
chdir(/home/andrey/proglog-rs)
chdir(/home/andrey/proglog-rs)
chdir(/home/andrey/.local/share/nvim/lazy/mini.ai/lua/mini/)
chdir(/home/andrey/proglog-rs)
chdir(/home/andrey/proglog-rs)
chdir(/home/andrey/.local/share/nvim/lazy/mini.ai/lua/mini/)
chdir(/home/andrey/proglog-rs)
chdir(/home/andrey/proglog-rs)
chdir(/home/andrey/.local/share/nvim/lazy/mini.ai/lua/mini/)
chdir(/home/andrey/proglog-rs)
chdir(/home/andrey/proglog-rs)
chdir(/home/andrey/.local/share/nvim/lazy/mini.ai/lua/mini/)
chdir(/home/andrey/proglog-rs)
chdir(/home/andrey/proglog-rs)
chdir(/home/andrey/.local/share/nvim/lazy/mini.ai/lua/mini/)
chdir(/home/andrey/proglog-rs)
chdir(/home/andrey/proglog-rs)
chdir(/home/andrey/.local/share/nvim/lazy/mini.ai/lua/mini/)
chdir(/home/andrey/proglog-rs)
chdir(/home/andrey/proglog-rs)
chdir(/home/andrey/.local/share/nvim/lazy/mini.ai/lua/mini/)
chdir(/home/andrey/proglog-rs)
chdir(/home/andrey/proglog-rs)
chdir(/home/andrey/.local/share/nvim/lazy/mini.ai/lua/mini/)
chdir(/home/andrey/proglog-rs)
chdir(/home/andrey/proglog-rs)
chdir(/home/andrey/.local/share/nvim/lazy/mini.ai/lua/mini/)
chdir(/home/andrey/proglog-rs)
chdir(/home/andrey/proglog-rs)
chdir(/home/andrey/.local/share/nvim/lazy/mini.ai/lua/mini/)
chdir(/home/andrey/proglog-rs)
chdir(/home/andrey/proglog-rs)
chdir(/home/andrey/.local/share/nvim/lazy/mini.ai/lua/mini/)
chdir(/home/andrey/proglog-rs)
chdir(/home/andrey/proglog-rs)
chdir(/home/andrey/.local/share/nvim/lazy/mini.ai/lua/mini/)
chdir(/home/andrey/proglog-rs)
chdir(/home/andrey/proglog-rs)
chdir(/home/andrey/.local/share/nvim/lazy/mini.ai/lua/mini/)
chdir(/home/andrey/proglog-rs)
chdir(/home/andrey/proglog-rs)
chdir(/home/andrey/.local/share/nvim/lazy/mini.ai/lua/mini/)
chdir(/home/andrey/proglog-rs)
chdir(/home/andrey/proglog-rs)
chdir(/home/andrey/.local/share/nvim/lazy/mini.ai/lua/mini/)
chdir(/home/andrey/proglog-rs)
chdir(/home/andrey/proglog-rs)
chdir(/home/andrey/.local/share/nvim/lazy/mini.ai/lua/mini/)
chdir(/home/andrey/proglog-rs)
chdir(/home/andrey/proglog-rs)
chdir(/home/andrey/.local/share/nvim/lazy/mini.ai/lua/mini/)
chdir(/home/andrey/proglog-rs)
chdir(/home/andrey/proglog-rs)
chdir(/home/andrey/.local/share/nvim/lazy/mini.ai/lua/mini/)
chdir(/home/andrey/proglog-rs)
chdir(/home/andrey/proglog-rs)
chdir(/home/andrey/.local/share/nvim/lazy/LazyVim/lua/lazyvim/util/)
chdir(/home/andrey/proglog-rs)
chdir(/home/andrey/proglog-rs)
chdir(/home/andrey/.local/share/nvimlazy/lazy.nvim/lua/lazy/core/)
chdir(/home/andrey/proglog-rs)
chdir(/home/andrey/proglog-rs)
chdir(/home/andrey/.local/share/nvim/lazy/LazyVim/lua/lazyvim/util/)
chdir(/home/andrey/proglog-rs)
chdir(/home/andrey/proglog-rs)
chdir(/home/andrey/.local/share/nvim/lazy/mini.pairs/lua/mini/)
chdir(/home/andrey/proglog-rs)
chdir(/home/andrey/proglog-rs)
chdir(/home/andrey/.local/share/nvim/lazy/mini.pairs/lua/mini/)
chdir(/home/andrey/proglog-rs)
chdir(/home/andrey/proglog-rs)
chdir(/home/andrey/.local/share/nvim/lazy/mini.pairs/lua/mini/)
chdir(/home/andrey/proglog-rs)
chdir(/home/andrey/proglog-rs)
chdir(/home/andrey/.local/share/nvim/lazy/mini.pairs/lua/mini/)
chdir(/home/andrey/proglog-rs)
chdir(/home/andrey/proglog-rs)
chdir(/home/andrey/.local/share/nvim/lazy/mini.pairs/lua/mini/)
chdir(/home/andrey/proglog-rs)
chdir(/home/andrey/proglog-rs)
chdir(/home/andrey/.local/share/nvim/lazy/mini.pairs/lua/mini/)
chdir(/home/andrey/proglog-rs)
chdir(/home/andrey/proglog-rs)
chdir(/home/andrey/.local/share/nvim/lazy/mini.pairs/lua/mini/)
chdir(/home/andrey/proglog-rs)
chdir(/home/andrey/proglog-rs)
chdir(/home/andrey/.local/share/nvim/lazy/mini.pairs/lua/mini/)
chdir(/home/andrey/proglog-rs)
chdir(/home/andrey/proglog-rs)
chdir(/home/andrey/.local/share/nvim/lazy/mini.pairs/lua/mini/)
chdir(/home/andrey/proglog-rs)
chdir(/home/andrey/proglog-rs)
chdir(/home/andrey/.local/share/nvim/lazy/mini.pairs/lua/mini/)
chdir(/home/andrey/proglog-rs)
chdir(/home/andrey/proglog-rs)
chdir(/home/andrey/.local/share/nvim/lazy/mini.pairs/lua/mini/)
chdir(/home/andrey/proglog-rs)
chdir(/home/andrey/proglog-rs)
chdir(/home/andrey/.local/share/nvim/lazy/mini.pairs/lua/mini/)
chdir(/home/andrey/proglog-rs)
chdir(/home/andrey/proglog-rs)
chdir(/home/andrey/.local/share/nvim/lazy/mini.pairs/lua/mini/)
chdir(/home/andrey/proglog-rs)
chdir(/home/andrey/proglog-rs)
chdir(/home/andrey/.local/share/nvim/lazy/mini.pairs/lua/mini/)
chdir(/home/andrey/proglog-rs)
chdir(/home/andrey/proglog-rs)
chdir(/home/andrey/.local/share/nvim/lazy/mini.pairs/lua/mini/)
chdir(/home/andrey/proglog-rs)
chdir(/home/andrey/proglog-rs)
chdir(/home/andrey/.local/share/nvim/lazy/mini.pairs/lua/mini/)
chdir(/home/andrey/proglog-rs)
chdir(/home/andrey/proglog-rs)
chdir(/home/andrey/.local/share/nvim/lazy/mini.pairs/lua/mini/)
chdir(/home/andrey/proglog-rs)
chdir(/home/andrey/proglog-rs)
chdir(/home/andrey/.local/share/nvim/lazy/mini.pairs/lua/mini/)
chdir(/home/andrey/proglog-rs)
chdir(/home/andrey/proglog-rs)
chdir(/home/andrey/.local/share/nvim/lazy/mini.pairs/lua/mini/)
chdir(/home/andrey/proglog-rs)
chdir(/home/andrey/proglog-rs)
chdir(/home/andrey/.local/share/nvim/lazy/mini.pairs/lua/mini/)
chdir(/home/andrey/proglog-rs)
chdir(/home/andrey/proglog-rs)
chdir(/home/andrey/.local/share/nvim/lazy/mini.pairs/lua/mini/)
chdir(/home/andrey/proglog-rs)
chdir(/home/andrey/proglog-rs)
chdir(/home/andrey/.local/share/nvim/lazy/mini.pairs/lua/mini/)
chdir(/home/andrey/proglog-rs)
chdir(/home/andrey/proglog-rs)
chdir(/home/andrey/.local/share/nvim/lazy/mini.pairs/lua/mini/)
chdir(/home/andrey/proglog-rs)
chdir(/home/andrey/proglog-rs)
chdir(/home/andrey/.local/share/nvimlazy/lazy.nvim/lua/lazy/core/handler/)
chdir(/home/andrey/proglog-rs)
chdir(/home/andrey/proglog-rs)
chdir(/home/andrey/.local/share/nvimlazy/lazy.nvim/lua/lazy/core/handler/)
chdir(/home/andrey/proglog-rs)
chdir(/home/andrey/proglog-rs)
chdir(/home/andrey/.local/share/nvimlazy/lazy.nvim/lua/lazy/core/handler/)
chdir(/home/andrey/proglog-rs)
chdir(/home/andrey/proglog-rs)
chdir(/home/andrey/.local/share/nvimlazy/lazy.nvim/lua/lazy/core/handler/)
chdir(/home/andrey/proglog-rs)
chdir(/home/andrey/proglog-rs)
chdir(/home/andrey/.local/share/nvimlazy/lazy.nvim/lua/lazy/core/handler/)
chdir(/home/andrey/proglog-rs)
chdir(/home/andrey/proglog-rs)
chdir(/home/andrey/.local/share/nvimlazy/lazy.nvim/lua/lazy/core/handler/)
chdir(/home/andrey/proglog-rs)
chdir(/home/andrey/proglog-rs)
chdir(/home/andrey/.local/share/nvimlazy/lazy.nvim/lua/lazy/core/handler/)
chdir(/home/andrey/proglog-rs)
chdir(/home/andrey/proglog-rs)
chdir(/home/andrey/.local/share/nvimlazy/lazy.nvim/lua/lazy/core/handler/)
chdir(/home/andrey/proglog-rs)
chdir(/home/andrey/proglog-rs)
chdir(/home/andrey/.local/share/nvimlazy/lazy.nvim/lua/lazy/core/handler/)
chdir(/home/andrey/proglog-rs)
chdir(/home/andrey/proglog-rs)
chdir(/home/andrey/.local/share/nvimlazy/lazy.nvim/lua/lazy/core/handler/)
chdir(/home/andrey/proglog-rs)
chdir(/home/andrey/proglog-rs)
chdir(/home/andrey/.local/share/nvimlazy/lazy.nvim/lua/lazy/core/handler/)
chdir(/home/andrey/proglog-rs)
chdir(/home/andrey/proglog-rs)
chdir(/home/andrey/.local/share/nvimlazy/lazy.nvim/lua/lazy/core/)
chdir(/home/andrey/proglog-rs)
chdir(/home/andrey/proglog-rs)
chdir(/home/andrey/.local/share/nvim/lazy/flash.nvim/lua/flash/plugins/)
chdir(/home/andrey/proglog-rs)
chdir(/home/andrey/proglog-rs)
chdir(/home/andrey/.local/share/nvim/lazy/flash.nvim/lua/flash/plugins/)
chdir(/home/andrey/proglog-rs)
chdir(/home/andrey/proglog-rs)
chdir(/home/andrey/.local/share/nvim/lazy/flash.nvim/lua/flash/plugins/)
chdir(/home/andrey/proglog-rs)
chdir(/home/andrey/proglog-rs)
chdir(/home/andrey/.local/share/nvim/lazy/flash.nvim/lua/flash/plugins/)
chdir(/home/andrey/proglog-rs)
chdir(/home/andrey/proglog-rs)
chdir(/home/andrey/.local/share/nvim/lazy/flash.nvim/lua/flash/plugins/)
chdir(/home/andrey/proglog-rs)
chdir(/home/andrey/proglog-rs)
chdir(/home/andrey/.local/share/nvim/lazy/flash.nvim/lua/flash/plugins/)
chdir(/home/andrey/proglog-rs)
chdir(/home/andrey/proglog-rs)
chdir(/home/andrey/.local/share/nvim/lazy/flash.nvim/lua/flash/plugins/)
chdir(/home/andrey/proglog-rs)
chdir(/home/andrey/proglog-rs)
chdir(/home/andrey/.local/share/nvim/lazy/flash.nvim/lua/flash/plugins/)
chdir(/home/andrey/proglog-rs)
chdir(/home/andrey/proglog-rs)
chdir(/home/andrey/.local/share/nvim/lazy/flash.nvim/lua/flash/plugins/)
chdir(/home/andrey/proglog-rs)
chdir(/home/andrey/proglog-rs)
chdir(/home/andrey/.local/share/nvim/lazy/flash.nvim/lua/flash/plugins/)
chdir(/home/andrey/proglog-rs)
chdir(/home/andrey/proglog-rs)
chdir(/home/andrey/.local/share/nvim/lazy/flash.nvim/lua/flash/plugins/)
chdir(/home/andrey/proglog-rs)
chdir(/home/andrey/proglog-rs)
chdir(/home/andrey/.local/share/nvim/lazy/flash.nvim/lua/flash/plugins/)
chdir(/home/andrey/proglog-rs)
chdir(/home/andrey/proglog-rs)
chdir(/home/andrey/.local/share/nvim/lazy/flash.nvim/lua/flash/plugins/)
chdir(/home/andrey/proglog-rs)
chdir(/home/andrey/proglog-rs)
chdir(/home/andrey/.local/share/nvim/lazy/flash.nvim/lua/flash/plugins/)
chdir(/home/andrey/proglog-rs)
chdir(/home/andrey/proglog-rs)
chdir(/home/andrey/.local/share/nvim/lazy/flash.nvim/lua/flash/plugins/)
chdir(/home/andrey/proglog-rs)
chdir(/home/andrey/proglog-rs)
chdir(/home/andrey/.local/share/nvim/lazy/flash.nvim/lua/flash/plugins/)
chdir(/home/andrey/proglog-rs)
chdir(/home/andrey/proglog-rs)
chdir(/home/andrey/.local/share/nvim/lazy/flash.nvim/lua/flash/plugins/)
chdir(/home/andrey/proglog-rs)
chdir(/home/andrey/proglog-rs)
chdir(/home/andrey/.local/share/nvim/lazy/flash.nvim/lua/flash/plugins/)
chdir(/home/andrey/proglog-rs)
chdir(/home/andrey/proglog-rs)
chdir(/home/andrey/.local/share/nvim/lazy/flash.nvim/lua/flash/plugins/)
chdir(/home/andrey/proglog-rs)
chdir(/home/andrey/proglog-rs)
chdir(/home/andrey/.local/share/nvim/lazy/flash.nvim/lua/flash/plugins/)
chdir(/home/andrey/proglog-rs)
chdir(/home/andrey/proglog-rs)
chdir(/home/andrey/.local/share/nvim/lazy/flash.nvim/lua/flash/plugins/)
chdir(/home/andrey/proglog-rs)
chdir(/home/andrey/proglog-rs)
chdir(/home/andrey/.local/share/nvim/lazy/flash.nvim/lua/flash/plugins/)
chdir(/home/andrey/proglog-rs)
chdir(/home/andrey/proglog-rs)
chdir(/home/andrey/.local/share/nvim/lazy/flash.nvim/lua/flash/plugins/)
chdir(/home/andrey/proglog-rs)
chdir(/home/andrey/proglog-rs)
chdir(/home/andrey/.local/share/nvim/lazy/flash.nvim/lua/flash/plugins/)
chdir(/home/andrey/proglog-rs)
chdir(/home/andrey/proglog-rs)
chdir(/home/andrey/.local/share/nvim/lazy/flash.nvim/lua/flash/plugins/)
chdir(/home/andrey/proglog-rs)
chdir(/home/andrey/proglog-rs)
chdir(/home/andrey/.local/share/nvimlazy/lazy.nvim/lua/lazy/core/)
chdir(/home/andrey/proglog-rs)
chdir(/home/andrey/proglog-rs)
chdir(/home/andrey/.local/share/nvimlazy/lazy.nvim/lua/lazy/core/)
chdir(/home/andrey/proglog-rs)
chdir(/home/andrey/proglog-rs)
chdir(/home/andrey/.local/share/nvim/lazy/nvim-treesitter/plugin/)
chdir(/home/andrey/proglog-rs)
line 0: sourcing "/home/andrey/.local/share/nvim/lazy/nvim-treesitter/plugin/nvim-treesitter.lua"
chdir(/home/andrey/proglog-rs)
chdir(/home/andrey/.local/share/nvim/lazy/nvim-treesitter/lua/nvim-treesitter/)
chdir(/home/andrey/proglog-rs)
chdir(/home/andrey/proglog-rs)
chdir(/home/andrey/.local/share/nvim/lazy/nvim-treesitter/lua/nvim-treesitter/)
chdir(/home/andrey/proglog-rs)
chdir(/home/andrey/proglog-rs)
chdir(/home/andrey/.local/share/nvim/lazy/nvim-treesitter/lua/nvim-treesitter/)
chdir(/home/andrey/proglog-rs)
chdir(/home/andrey/proglog-rs)
chdir(/home/andrey/.local/share/nvim/lazy/nvim-treesitter/lua/nvim-treesitter/)
chdir(/home/andrey/proglog-rs)
chdir(/home/andrey/proglog-rs)
chdir(/home/andrey/.local/share/nvim/lazy/nvim-treesitter/lua/nvim-treesitter/)
chdir(/home/andrey/proglog-rs)
chdir(/home/andrey/proglog-rs)
chdir(/home/andrey/.local/share/nvim/lazy/nvim-treesitter/lua/nvim-treesitter/)
chdir(/home/andrey/proglog-rs)
chdir(/home/andrey/proglog-rs)
chdir(/home/andrey/.local/share/nvim/lazy/nvim-treesitter/lua/nvim-treesitter/)
chdir(/home/andrey/proglog-rs)
chdir(/home/andrey/proglog-rs)
chdir(/home/andrey/.local/share/nvim/lazy/nvim-treesitter/lua/nvim-treesitter/)
chdir(/home/andrey/proglog-rs)
chdir(/home/andrey/proglog-rs)
chdir(/home/andrey/.local/share/nvim/lazy/nvim-treesitter/lua/nvim-treesitter/)
chdir(/home/andrey/proglog-rs)
chdir(/home/andrey/proglog-rs)
chdir(/home/andrey/.local/share/nvim/lazy/nvim-treesitter/lua/nvim-treesitter/)
chdir(/home/andrey/proglog-rs)
chdir(/home/andrey/proglog-rs)
chdir(/home/andrey/.local/share/nvim/lazy/nvim-treesitter/lua/nvim-treesitter/)
chdir(/home/andrey/proglog-rs)
chdir(/home/andrey/proglog-rs)
chdir(/home/andrey/.local/share/nvim/lazy/nvim-treesitter/lua/nvim-treesitter/)
chdir(/home/andrey/proglog-rs)
chdir(/home/andrey/proglog-rs)
chdir(/home/andrey/.local/share/nvim/lazy/nvim-treesitter/lua/nvim-treesitter/)
chdir(/home/andrey/proglog-rs)
chdir(/home/andrey/proglog-rs)
chdir(/home/andrey/.local/share/nvim/lazy/nvim-treesitter/lua/nvim-treesitter/)
chdir(/home/andrey/proglog-rs)
chdir(/home/andrey/proglog-rs)
chdir(/home/andrey/.local/share/nvim/lazy/nvim-treesitter/lua/nvim-treesitter/)
chdir(/home/andrey/proglog-rs)
chdir(/home/andrey/proglog-rs)
chdir(/home/andrey/.local/share/nvim/lazy/nvim-treesitter/lua/nvim-treesitter/)
chdir(/home/andrey/proglog-rs)
chdir(/home/andrey/proglog-rs)
chdir(/home/andrey/.local/share/nvim/lazy/nvim-treesitter/lua/nvim-treesitter/)
chdir(/home/andrey/proglog-rs)
chdir(/home/andrey/proglog-rs)
chdir(/home/andrey/.local/share/nvim/lazy/nvim-treesitter/plugin/)
chdir(/home/andrey/proglog-rs)
finished sourcing /home/andrey/.local/share/nvim/lazy/nvim-treesitter/plugin/nvim-treesitter.lua
continuing in nvim_exec2() called at User Autocommands for "VeryLazy":0
chdir(/home/andrey/proglog-rs)
chdir(/home/andrey/.local/share/nvim/lazy/nvim-treesitter/lua/nvim-treesitter/)
chdir(/home/andrey/proglog-rs)
not found in runtime path: "parser/alpha.*"
chdir(/home/andrey/proglog-rs)
chdir(/home/andrey/.local/share/nvim/lazy/nvim-treesitter/lua/nvim-treesitter/)
chdir(/home/andrey/proglog-rs)
chdir(/home/andrey/proglog-rs)
chdir(/home/andrey/.local/share/nvim/lazy/nvim-treesitter/lua/nvim-treesitter/)
chdir(/home/andrey/proglog-rs)
chdir(/home/andrey/proglog-rs)
chdir(/home/andrey/.local/share/nvimlazy/lazy.nvim/lua/lazy/core/handler/)
chdir(/home/andrey/proglog-rs)
chdir(/home/andrey/proglog-rs)
chdir(/home/andrey/.local/share/nvimlazy/lazy.nvim/lua/lazy/core/handler/)
chdir(/home/andrey/proglog-rs)
chdir(/home/andrey/proglog-rs)
chdir(/home/andrey/.local/share/nvimlazy/lazy.nvim/lua/lazy/core/handler/)
chdir(/home/andrey/proglog-rs)
chdir(/home/andrey/proglog-rs)
chdir(/home/andrey/.local/share/nvimlazy/lazy.nvim/lua/lazy/core/)
chdir(/home/andrey/proglog-rs)
chdir(/home/andrey/proglog-rs)
chdir(/home/andrey/.local/share/nvim/lazy/which-key.nvim/plugin/)
chdir(/home/andrey/proglog-rs)
line 0: sourcing "/home/andrey/.local/share/nvim/lazy/which-key.nvim/plugin/which-key.lua"
finished sourcing /home/andrey/.local/share/nvim/lazy/which-key.nvim/plugin/which-key.lua
continuing in nvim_exec2() called at User Autocommands for "VeryLazy":0
chdir(/home/andrey/proglog-rs)
chdir(/home/andrey/.local/share/nvim/lazy/which-key.nvim/lua/which-key/)
chdir(/home/andrey/proglog-rs)
chdir(/home/andrey/proglog-rs)
chdir(/home/andrey/.local/share/nvimlazy/lazy.nvim/lua/lazy/core/handler/)
chdir(/home/andrey/proglog-rs)
chdir(/home/andrey/proglog-rs)
chdir(/home/andrey/.local/share/nvimlazy/lazy.nvim/lua/lazy/core/handler/)
chdir(/home/andrey/proglog-rs)
chdir(/home/andrey/proglog-rs)
chdir(/home/andrey/.local/share/nvimlazy/lazy.nvim/lua/lazy/core/handler/)
chdir(/home/andrey/proglog-rs)
chdir(/home/andrey/proglog-rs)
chdir(/home/andrey/.local/share/nvimlazy/lazy.nvim/lua/lazy/core/handler/)
chdir(/home/andrey/proglog-rs)
chdir(/home/andrey/proglog-rs)
chdir(/home/andrey/.local/share/nvimlazy/lazy.nvim/lua/lazy/core/handler/)
chdir(/home/andrey/proglog-rs)
chdir(/home/andrey/proglog-rs)
chdir(/home/andrey/.local/share/nvimlazy/lazy.nvim/lua/lazy/core/handler/)
chdir(/home/andrey/proglog-rs)
chdir(/home/andrey/proglog-rs)
chdir(/home/andrey/.local/share/nvimlazy/lazy.nvim/lua/lazy/core/handler/)
chdir(/home/andrey/proglog-rs)
chdir(/home/andrey/proglog-rs)
chdir(/home/andrey/.local/share/nvimlazy/lazy.nvim/lua/lazy/core/handler/)
chdir(/home/andrey/proglog-rs)
chdir(/home/andrey/proglog-rs)
chdir(/home/andrey/.local/share/nvimlazy/lazy.nvim/lua/lazy/core/handler/)
chdir(/home/andrey/proglog-rs)
chdir(/home/andrey/proglog-rs)
chdir(/home/andrey/.local/share/nvimlazy/lazy.nvim/lua/lazy/core/handler/)
chdir(/home/andrey/proglog-rs)
chdir(/home/andrey/proglog-rs)
chdir(/home/andrey/.local/share/nvimlazy/lazy.nvim/lua/lazy/core/handler/)
chdir(/home/andrey/proglog-rs)
chdir(/home/andrey/proglog-rs)
chdir(/home/andrey/.local/share/nvimlazy/lazy.nvim/lua/lazy/core/handler/)
chdir(/home/andrey/proglog-rs)
chdir(/home/andrey/proglog-rs)
chdir(/home/andrey/.local/share/nvimlazy/lazy.nvim/lua/lazy/core/handler/)
chdir(/home/andrey/proglog-rs)
chdir(/home/andrey/proglog-rs)
chdir(/home/andrey/.local/share/nvimlazy/lazy.nvim/lua/lazy/core/handler/)
chdir(/home/andrey/proglog-rs)
chdir(/home/andrey/proglog-rs)
chdir(/home/andrey/.local/share/nvimlazy/lazy.nvim/lua/lazy/core/handler/)
chdir(/home/andrey/proglog-rs)
chdir(/home/andrey/proglog-rs)
chdir(/home/andrey/.local/share/nvimlazy/lazy.nvim/lua/lazy/core/handler/)
chdir(/home/andrey/proglog-rs)
chdir(/home/andrey/proglog-rs)
chdir(/home/andrey/.local/share/nvimlazy/lazy.nvim/lua/lazy/core/handler/)
chdir(/home/andrey/proglog-rs)
chdir(/home/andrey/proglog-rs)
chdir(/home/andrey/.local/share/nvimlazy/lazy.nvim/lua/lazy/core/)
chdir(/home/andrey/proglog-rs)
chdir(/home/andrey/proglog-rs)
chdir(/home/andrey/.local/share/nvimlazy/lazy.nvim/lua/lazy/core/handler/)
chdir(/home/andrey/proglog-rs)
chdir(/home/andrey/proglog-rs)
chdir(/home/andrey/.local/share/nvimlazy/lazy.nvim/lua/lazy/core/handler/)
chdir(/home/andrey/proglog-rs)
chdir(/home/andrey/proglog-rs)
chdir(/home/andrey/.local/share/nvimlazy/lazy.nvim/lua/lazy/core/handler/)
chdir(/home/andrey/proglog-rs)
chdir(/home/andrey/proglog-rs)
chdir(/home/andrey/.local/share/nvimlazy/lazy.nvim/lua/lazy/core/)
chdir(/home/andrey/proglog-rs)
chdir(/home/andrey/proglog-rs)
chdir(/home/andrey/.local/share/nvimlazy/lazy.nvim/lua/lazy/core/)
chdir(/home/andrey/proglog-rs)
chdir(/home/andrey/proglog-rs)
chdir(/home/andrey/.local/share/nvim/lazy/nvim-dap/lua/)
chdir(/home/andrey/proglog-rs)
chdir(/home/andrey/proglog-rs)
chdir(vim/)
chdir(/home/andrey/proglog-rs)
chdir(/home/andrey/proglog-rs)
chdir(vim/)
chdir(/home/andrey/proglog-rs)
chdir(/home/andrey/proglog-rs)
chdir(vim/)
chdir(/home/andrey/proglog-rs)
chdir(/home/andrey/proglog-rs)
chdir(vim/)
chdir(/home/andrey/proglog-rs)
chdir(/home/andrey/proglog-rs)
chdir(vim/)
chdir(/home/andrey/proglog-rs)
chdir(/home/andrey/proglog-rs)
chdir(vim/)
chdir(/home/andrey/proglog-rs)
chdir(/home/andrey/proglog-rs)
chdir(vim/)
chdir(/home/andrey/proglog-rs)
chdir(/home/andrey/proglog-rs)
chdir(vim/)
chdir(/home/andrey/proglog-rs)
chdir(/home/andrey/proglog-rs)
chdir(vim/)
chdir(/home/andrey/proglog-rs)
chdir(/home/andrey/proglog-rs)
chdir(vim/)
chdir(/home/andrey/proglog-rs)
chdir(/home/andrey/proglog-rs)
chdir(vim/)
chdir(/home/andrey/proglog-rs)
chdir(/home/andrey/proglog-rs)
chdir(vim/)
chdir(/home/andrey/proglog-rs)
chdir(/home/andrey/proglog-rs)
chdir(vim/)
chdir(/home/andrey/proglog-rs)
chdir(/home/andrey/proglog-rs)
chdir(vim/)
chdir(/home/andrey/proglog-rs)
chdir(/home/andrey/proglog-rs)
chdir(vim/)
chdir(/home/andrey/proglog-rs)
chdir(/home/andrey/proglog-rs)
chdir(vim/)
chdir(/home/andrey/proglog-rs)
chdir(/home/andrey/proglog-rs)
chdir(vim/)
chdir(/home/andrey/proglog-rs)
chdir(/home/andrey/proglog-rs)
chdir(vim/)
chdir(/home/andrey/proglog-rs)
chdir(/home/andrey/proglog-rs)
chdir(vim/)
chdir(/home/andrey/proglog-rs)
chdir(/home/andrey/proglog-rs)
chdir(vim/)
chdir(/home/andrey/proglog-rs)
chdir(/home/andrey/proglog-rs)
chdir(vim/)
chdir(/home/andrey/proglog-rs)
chdir(/home/andrey/proglog-rs)
chdir(vim/)
chdir(/home/andrey/proglog-rs)
chdir(/home/andrey/proglog-rs)
chdir(vim/)
chdir(/home/andrey/proglog-rs)
chdir(/home/andrey/proglog-rs)
chdir(vim/)
chdir(/home/andrey/proglog-rs)
chdir(/home/andrey/proglog-rs)
chdir(vim/)
chdir(/home/andrey/proglog-rs)
chdir(/home/andrey/proglog-rs)
chdir(vim/)
chdir(/home/andrey/proglog-rs)
chdir(/home/andrey/proglog-rs)
chdir(vim/)
chdir(/home/andrey/proglog-rs)
chdir(/home/andrey/proglog-rs)
chdir(vim/)
chdir(/home/andrey/proglog-rs)
chdir(/home/andrey/proglog-rs)
chdir(vim/)
chdir(/home/andrey/proglog-rs)
chdir(/home/andrey/proglog-rs)
chdir(vim/)
chdir(/home/andrey/proglog-rs)
chdir(/home/andrey/proglog-rs)
chdir(vim/)
chdir(/home/andrey/proglog-rs)
chdir(/home/andrey/proglog-rs)
chdir(vim/)
chdir(/home/andrey/proglog-rs)
chdir(/home/andrey/proglog-rs)
chdir(vim/)
chdir(/home/andrey/proglog-rs)
chdir(/home/andrey/proglog-rs)
chdir(vim/)
chdir(/home/andrey/proglog-rs)
chdir(/home/andrey/proglog-rs)
chdir(vim/)
chdir(/home/andrey/proglog-rs)
chdir(/home/andrey/proglog-rs)
chdir(vim/)
chdir(/home/andrey/proglog-rs)
chdir(/home/andrey/proglog-rs)
chdir(vim/)
chdir(/home/andrey/proglog-rs)
chdir(/home/andrey/proglog-rs)
chdir(vim/)
chdir(/home/andrey/proglog-rs)
chdir(/home/andrey/proglog-rs)
chdir(vim/)
chdir(/home/andrey/proglog-rs)
chdir(/home/andrey/proglog-rs)
chdir(vim/)
chdir(/home/andrey/proglog-rs)
chdir(/home/andrey/proglog-rs)
chdir(vim/)
chdir(/home/andrey/proglog-rs)
chdir(/home/andrey/proglog-rs)
chdir(vim/)
chdir(/home/andrey/proglog-rs)
chdir(/home/andrey/proglog-rs)
chdir(vim/)
chdir(/home/andrey/proglog-rs)
chdir(/home/andrey/proglog-rs)
chdir(vim/)
chdir(/home/andrey/proglog-rs)
chdir(/home/andrey/proglog-rs)
chdir(vim/)
chdir(/home/andrey/proglog-rs)
chdir(/home/andrey/proglog-rs)
chdir(vim/)
chdir(/home/andrey/proglog-rs)
chdir(/home/andrey/proglog-rs)
chdir(vim/)
chdir(/home/andrey/proglog-rs)
chdir(/home/andrey/proglog-rs)
chdir(/home/andrey/.local/share/nvim/lazy/nvim-dap-ui/lua/dapui/windows/)
chdir(/home/andrey/proglog-rs)
chdir(/home/andrey/proglog-rs)
chdir(/home/andrey/.local/share/nvim/lazy/nvim-dap-ui/lua/dapui/windows/)
chdir(/home/andrey/proglog-rs)
chdir(/home/andrey/proglog-rs)
chdir(/home/andrey/.local/share/nvimlazy/lazy.nvim/lua/lazy/core/)
chdir(/home/andrey/proglog-rs)
chdir(/home/andrey/proglog-rs)
chdir(vim/)
chdir(/home/andrey/proglog-rs)
chdir(/home/andrey/proglog-rs)
chdir(vim/)
chdir(/home/andrey/proglog-rs)
chdir(/home/andrey/proglog-rs)
chdir(vim/)
chdir(/home/andrey/proglog-rs)
chdir(/home/andrey/proglog-rs)
chdir(vim/)
chdir(/home/andrey/proglog-rs)
chdir(/home/andrey/proglog-rs)
chdir(vim/)
chdir(/home/andrey/proglog-rs)
chdir(/home/andrey/proglog-rs)
chdir(vim/)
chdir(/home/andrey/proglog-rs)
chdir(/home/andrey/proglog-rs)
chdir(vim/)
chdir(/home/andrey/proglog-rs)
chdir(/home/andrey/proglog-rs)
chdir(vim/)
chdir(/home/andrey/proglog-rs)
chdir(/home/andrey/proglog-rs)
chdir(vim/)
chdir(/home/andrey/proglog-rs)
chdir(/home/andrey/proglog-rs)
chdir(vim/)
chdir(/home/andrey/proglog-rs)
chdir(/home/andrey/proglog-rs)
chdir(vim/)
chdir(/home/andrey/proglog-rs)
chdir(/home/andrey/proglog-rs)
chdir(vim/)
chdir(/home/andrey/proglog-rs)
chdir(/home/andrey/proglog-rs)
chdir(/home/andrey/.local/share/nvimlazy/lazy.nvim/lua/lazy/core/)
chdir(/home/andrey/proglog-rs)
chdir(/home/andrey/proglog-rs)
chdir(/home/andrey/.local/share/nvimlazy/lazy.nvim/lua/lazy/core/handler/)
chdir(/home/andrey/proglog-rs)
chdir(/home/andrey/proglog-rs)
chdir(/home/andrey/.local/share/nvimlazy/lazy.nvim/lua/lazy/core/)
chdir(/home/andrey/proglog-rs)
chdir(/home/andrey/proglog-rs)
chdir(/home/andrey/.local/share/nvim/lazy/mason.nvim/lua/mason/api/)
chdir(/home/andrey/proglog-rs)
chdir(/home/andrey/proglog-rs)
chdir(/home/andrey/.local/share/nvim/lazy/mason.nvim/lua/mason/api/)
chdir(/home/andrey/proglog-rs)
chdir(/home/andrey/proglog-rs)
chdir(/home/andrey/.local/share/nvim/lazy/mason.nvim/lua/mason/api/)
chdir(/home/andrey/proglog-rs)
chdir(/home/andrey/proglog-rs)
chdir(/home/andrey/.local/share/nvim/lazy/mason.nvim/lua/mason/api/)
chdir(/home/andrey/proglog-rs)
chdir(/home/andrey/proglog-rs)
chdir(/home/andrey/.local/share/nvim/lazy/mason.nvim/lua/mason/api/)
chdir(/home/andrey/proglog-rs)
chdir(/home/andrey/proglog-rs)
chdir(/home/andrey/.local/share/nvim/lazy/mason.nvim/lua/mason/api/)
chdir(/home/andrey/proglog-rs)
chdir(/home/andrey/proglog-rs)
chdir(/home/andrey/.local/share/nvim/lazy/mason.nvim/lua/mason/)
chdir(/home/andrey/proglog-rs)
chdir(/home/andrey/proglog-rs)
chdir(/home/andrey/.local/share/nvimlazy/lazy.nvim/lua/lazy/core/)
chdir(/home/andrey/proglog-rs)
chdir(/home/andrey/proglog-rs)
chdir(/home/andrey/.local/share/nvimlazy/lazy.nvim/lua/lazy/core/)
chdir(/home/andrey/proglog-rs)
chdir(/home/andrey/proglog-rs)
chdir(/home/andrey/.config/nvim/lua/config/)
chdir(/home/andrey/proglog-rs)
chdir(/home/andrey/proglog-rs)
chdir(/home/andrey/.config/nvim/lua/config/)
chdir(/home/andrey/proglog-rs)
chdir(/home/andrey/proglog-rs)
chdir(/home/andrey/.config/nvim/lua/config/)
chdir(/home/andrey/proglog-rs)
chdir(/home/andrey/proglog-rs)
chdir(/home/andrey/.config/nvim/lua/config/)
chdir(/home/andrey/proglog-rs)
chdir(/home/andrey/proglog-rs)
chdir(/home/andrey/.config/nvim/lua/config/)
chdir(/home/andrey/proglog-rs)
chdir(/home/andrey/proglog-rs)
chdir(/home/andrey/.local/share/nvimlazy/lazy.nvim/lua/lazy/core/)
chdir(/home/andrey/proglog-rs)
chdir(/home/andrey/proglog-rs)
chdir(/home/andrey/.local/share/nvim/lazy/persistent-breakpoints.nvim/plugin/)
chdir(/home/andrey/proglog-rs)
line 0: sourcing "/home/andrey/.local/share/nvim/lazy/persistent-breakpoints.nvim/plugin/persistent-breakpoints.vim"
finished sourcing /home/andrey/.local/share/nvim/lazy/persistent-breakpoints.nvim/plugin/persistent-breakpoints.vim
continuing in nvim_exec2() called at User Autocommands for "VeryLazy":0
chdir(/home/andrey/proglog-rs)
chdir(/home/andrey/.local/share/nvim/lazy/persistent-breakpoints.nvim/lua/persistent-breakpoints/)
chdir(/home/andrey/proglog-rs)
chdir(/home/andrey/proglog-rs)
chdir(/home/andrey/.local/share/nvim/lazy/persistent-breakpoints.nvim/lua/persistent-breakpoints/)
chdir(/home/andrey/proglog-rs)
chdir(/home/andrey/proglog-rs)
chdir(/home/andrey/.local/share/nvim/lazy/nvim-dap/plugin/)
chdir(/home/andrey/proglog-rs)
line 0: sourcing "/home/andrey/.local/share/nvim/lazy/nvim-dap/plugin/dap.lua"
chdir(/home/andrey/proglog-rs)
chdir(/home/andrey/.local/share/nvim/lazy/nvim-dap/plugin/)
chdir(/home/andrey/proglog-rs)
chdir(/home/andrey/proglog-rs)
chdir(/home/andrey/.local/share/nvim/lazy/nvim-dap/plugin/)
chdir(/home/andrey/proglog-rs)
chdir(/home/andrey/proglog-rs)
chdir(/home/andrey/.local/share/nvim/lazy/nvim-dap/plugin/)
chdir(/home/andrey/proglog-rs)
chdir(/home/andrey/proglog-rs)
chdir(/home/andrey/.local/share/nvim/lazy/nvim-dap/plugin/)
chdir(/home/andrey/proglog-rs)
chdir(/home/andrey/proglog-rs)
chdir(/home/andrey/.local/share/nvim/lazy/nvim-dap/plugin/)
chdir(/home/andrey/proglog-rs)
chdir(/home/andrey/proglog-rs)
chdir(/home/andrey/.local/share/nvim/lazy/nvim-dap/plugin/)
chdir(/home/andrey/proglog-rs)
chdir(/home/andrey/proglog-rs)
chdir(/home/andrey/.local/share/nvim/lazy/nvim-dap/plugin/)
chdir(/home/andrey/proglog-rs)
chdir(/home/andrey/proglog-rs)
chdir(/home/andrey/.local/share/nvim/lazy/nvim-dap/plugin/)
chdir(/home/andrey/proglog-rs)
chdir(/home/andrey/proglog-rs)
chdir(/home/andrey/.local/share/nvim/lazy/nvim-dap/plugin/)
chdir(/home/andrey/proglog-rs)
chdir(/home/andrey/proglog-rs)
chdir(/home/andrey/.local/share/nvim/lazy/nvim-dap/plugin/)
chdir(/home/andrey/proglog-rs)
chdir(/home/andrey/proglog-rs)
chdir(/home/andrey/.local/share/nvim/lazy/nvim-dap/plugin/)
chdir(/home/andrey/proglog-rs)
chdir(/home/andrey/proglog-rs)
chdir(/home/andrey/.local/share/nvim/lazy/nvim-dap/plugin/)
chdir(/home/andrey/proglog-rs)
chdir(/home/andrey/proglog-rs)
chdir(/home/andrey/.local/share/nvim/lazy/nvim-dap/plugin/)
chdir(/home/andrey/proglog-rs)
chdir(/home/andrey/proglog-rs)
chdir(/home/andrey/.local/share/nvim/lazy/nvim-dap/plugin/)
chdir(/home/andrey/proglog-rs)
chdir(/home/andrey/proglog-rs)
chdir(/home/andrey/.local/share/nvim/lazy/nvim-dap/plugin/)
chdir(/home/andrey/proglog-rs)
chdir(/home/andrey/proglog-rs)
chdir(/home/andrey/.local/share/nvim/lazy/nvim-dap/plugin/)
chdir(/home/andrey/proglog-rs)
chdir(/home/andrey/proglog-rs)
chdir(/home/andrey/.local/share/nvim/lazy/nvim-dap/plugin/)
chdir(/home/andrey/proglog-rs)
finished sourcing /home/andrey/.local/share/nvim/lazy/nvim-dap/plugin/dap.lua
continuing in nvim_exec2() called at User Autocommands for "VeryLazy":0
chdir(/home/andrey/proglog-rs)
chdir(/home/andrey/.config/nvim/lua/config/)
chdir(/home/andrey/proglog-rs)
chdir(/home/andrey/proglog-rs)
chdir(/home/andrey/.config/nvim/lua/config/)
chdir(/home/andrey/proglog-rs)
chdir(/home/andrey/proglog-rs)
chdir(/home/andrey/.config/nvim/lua/config/)
chdir(/home/andrey/proglog-rs)
chdir(/home/andrey/proglog-rs)
chdir(/home/andrey/.config/nvim/lua/config/)
chdir(/home/andrey/proglog-rs)
chdir(/home/andrey/proglog-rs)
chdir(/home/andrey/.config/nvim/lua/config/)
chdir(/home/andrey/proglog-rs)
chdir(/home/andrey/proglog-rs)
chdir(/home/andrey/.config/nvim/lua/config/)
chdir(/home/andrey/proglog-rs)
chdir(/home/andrey/proglog-rs)
chdir(/home/andrey/.config/nvim/lua/config/)
chdir(/home/andrey/proglog-rs)
chdir(/home/andrey/proglog-rs)
chdir(/home/andrey/.config/nvim/lua/config/)
chdir(/home/andrey/proglog-rs)
chdir(/home/andrey/proglog-rs)
chdir(/home/andrey/.config/nvim/lua/config/)
chdir(/home/andrey/proglog-rs)
chdir(/home/andrey/proglog-rs)
chdir(/home/andrey/.config/nvim/lua/config/)
chdir(/home/andrey/proglog-rs)
chdir(/home/andrey/proglog-rs)
chdir(/home/andrey/.config/nvim/lua/config/)
chdir(/home/andrey/proglog-rs)
chdir(/home/andrey/proglog-rs)
chdir(/home/andrey/.config/nvim/lua/config/)
chdir(/home/andrey/proglog-rs)
chdir(/home/andrey/proglog-rs)
chdir(/home/andrey/.config/nvim/lua/config/)
chdir(/home/andrey/proglog-rs)
chdir(/home/andrey/proglog-rs)
chdir(/home/andrey/.local/share/nvimlazy/lazy.nvim/lua/lazy/core/)
chdir(/home/andrey/proglog-rs)
chdir(/home/andrey/proglog-rs)
chdir(/home/andrey/.local/share/nvim/lazy/LazyVim/lua/lazyvim/plugins/)
chdir(/home/andrey/proglog-rs)
chdir(/home/andrey/proglog-rs)
chdir(/home/andrey/.local/share/nvimlazy/lazy.nvim/lua/lazy/core/handler/)
chdir(/home/andrey/proglog-rs)
chdir(/home/andrey/proglog-rs)
chdir(/home/andrey/.local/share/nvimlazy/lazy.nvim/lua/lazy/core/handler/)
chdir(/home/andrey/proglog-rs)
chdir(/home/andrey/proglog-rs)
chdir(/home/andrey/.local/share/nvimlazy/lazy.nvim/lua/lazy/core/handler/)
chdir(/home/andrey/proglog-rs)
chdir(/home/andrey/proglog-rs)
chdir(/home/andrey/.local/share/nvimlazy/lazy.nvim/lua/lazy/core/handler/)
chdir(/home/andrey/proglog-rs)
chdir(/home/andrey/proglog-rs)
chdir(/home/andrey/.local/share/nvimlazy/lazy.nvim/lua/lazy/core/handler/)
chdir(/home/andrey/proglog-rs)
chdir(/home/andrey/proglog-rs)
chdir(/home/andrey/.local/share/nvimlazy/lazy.nvim/lua/lazy/core/handler/)
chdir(/home/andrey/proglog-rs)
chdir(/home/andrey/proglog-rs)
chdir(/home/andrey/.local/share/nvimlazy/lazy.nvim/lua/lazy/core/handler/)
chdir(/home/andrey/proglog-rs)
chdir(/home/andrey/proglog-rs)
chdir(/home/andrey/.local/share/nvimlazy/lazy.nvim/lua/lazy/core/handler/)
chdir(/home/andrey/proglog-rs)
chdir(/home/andrey/proglog-rs)
chdir(/home/andrey/.local/share/nvimlazy/lazy.nvim/lua/lazy/core/)
chdir(/home/andrey/proglog-rs)
chdir(/home/andrey/proglog-rs)
chdir(/home/andrey/.local/share/nvim/lazy/trouble.nvim/lua/trouble/config/)
chdir(/home/andrey/proglog-rs)
chdir(/home/andrey/proglog-rs)
chdir(/home/andrey/.local/share/nvim/lazy/trouble.nvim/lua/trouble/config/)
chdir(/home/andrey/proglog-rs)
chdir(/home/andrey/proglog-rs)
chdir(/home/andrey/.local/share/nvim/lazy/trouble.nvim/lua/trouble/view/)
chdir(/home/andrey/proglog-rs)
chdir(/home/andrey/proglog-rs)
chdir(/home/andrey/.local/share/nvim/lazy/trouble.nvim/lua/trouble/view/)
chdir(/home/andrey/proglog-rs)
chdir(/home/andrey/proglog-rs)
chdir(/home/andrey/.local/share/nvim/lazy/trouble.nvim/lua/trouble/sources/)
chdir(/home/andrey/proglog-rs)
chdir(/home/andrey/proglog-rs)
chdir(/home/andrey/.local/share/nvim/lazy/trouble.nvim/lua/trouble/sources/)
chdir(/home/andrey/proglog-rs)
chdir(/home/andrey/proglog-rs)
chdir(/home/andrey/.local/share/nvim/lazy/trouble.nvim/lua/trouble/sources/)
chdir(/home/andrey/proglog-rs)
chdir(/home/andrey/proglog-rs)
chdir(/home/andrey/.local/share/nvim/lazy/trouble.nvim/lua/trouble/sources/)
chdir(/home/andrey/proglog-rs)
chdir(/home/andrey/proglog-rs)
chdir(/home/andrey/.local/share/nvim/lazy/trouble.nvim/lua/trouble/sources/)
chdir(/home/andrey/proglog-rs)
chdir(/home/andrey/proglog-rs)
chdir(/home/andrey/.local/share/nvim/lazy/trouble.nvim/lua/trouble/sources/)
chdir(/home/andrey/proglog-rs)
chdir(/home/andrey/proglog-rs)
chdir(/home/andrey/.local/share/nvim/lazy/trouble.nvim/lua/trouble/view/)
chdir(/home/andrey/proglog-rs)
chdir(/home/andrey/proglog-rs)
chdir(/home/andrey/.local/share/nvim/lazy/trouble.nvim/lua/trouble/view/)
chdir(/home/andrey/proglog-rs)
chdir(/home/andrey/proglog-rs)
chdir(/home/andrey/.local/share/nvim/lazy/trouble.nvim/lua/trouble/view/)
chdir(/home/andrey/proglog-rs)
chdir(/home/andrey/proglog-rs)
chdir(/home/andrey/.local/share/nvim/lazy/trouble.nvim/lua/trouble/view/)
chdir(/home/andrey/proglog-rs)
chdir(/home/andrey/proglog-rs)
chdir(/usr/local/share/nvim/runtime/lua/vim/)
chdir(/home/andrey/proglog-rs)
chdir(/home/andrey/proglog-rs)
chdir(vim/)
chdir(/home/andrey/proglog-rs)
chdir(/home/andrey/proglog-rs)
chdir(vim/)
chdir(/home/andrey/proglog-rs)
chdir(/home/andrey/proglog-rs)
chdir(vim/)
chdir(/home/andrey/proglog-rs)
chdir(/home/andrey/proglog-rs)
chdir(vim/)
chdir(/home/andrey/proglog-rs)
chdir(/home/andrey/proglog-rs)
chdir(vim/)
chdir(/home/andrey/proglog-rs)
chdir(/home/andrey/proglog-rs)
chdir(vim/)
chdir(/home/andrey/proglog-rs)
chdir(/home/andrey/proglog-rs)
chdir(vim/)
chdir(/home/andrey/proglog-rs)
chdir(/home/andrey/proglog-rs)
chdir(vim/)
chdir(/home/andrey/proglog-rs)
chdir(/home/andrey/proglog-rs)
chdir(vim/)
chdir(/home/andrey/proglog-rs)
chdir(/home/andrey/proglog-rs)
chdir(vim/)
chdir(/home/andrey/proglog-rs)
chdir(/home/andrey/proglog-rs)
chdir(vim/)
chdir(/home/andrey/proglog-rs)
chdir(/home/andrey/proglog-rs)
chdir(vim/)
chdir(/home/andrey/proglog-rs)
chdir(/home/andrey/proglog-rs)
chdir(vim/)
chdir(/home/andrey/proglog-rs)
chdir(/home/andrey/proglog-rs)
chdir(vim/)
chdir(/home/andrey/proglog-rs)
chdir(/home/andrey/proglog-rs)
chdir(vim/)
chdir(/home/andrey/proglog-rs)
chdir(/home/andrey/proglog-rs)
chdir(vim/)
chdir(/home/andrey/proglog-rs)
chdir(/home/andrey/proglog-rs)
chdir(vim/)
chdir(/home/andrey/proglog-rs)
chdir(/home/andrey/proglog-rs)
chdir(vim/)
chdir(/home/andrey/proglog-rs)
chdir(/home/andrey/proglog-rs)
chdir(vim/)
chdir(/home/andrey/proglog-rs)
chdir(/home/andrey/proglog-rs)
chdir(vim/)
chdir(/home/andrey/proglog-rs)
chdir(/home/andrey/proglog-rs)
chdir(vim/)
chdir(/home/andrey/proglog-rs)
chdir(/home/andrey/proglog-rs)
chdir(vim/)
chdir(/home/andrey/proglog-rs)
chdir(/home/andrey/proglog-rs)
chdir(vim/)
chdir(/home/andrey/proglog-rs)
chdir(/home/andrey/proglog-rs)
chdir(vim/)
chdir(/home/andrey/proglog-rs)
chdir(/home/andrey/proglog-rs)
chdir(vim/)
chdir(/home/andrey/proglog-rs)
chdir(/home/andrey/proglog-rs)
chdir(vim/)
chdir(/home/andrey/proglog-rs)
chdir(/home/andrey/proglog-rs)
chdir(vim/)
chdir(/home/andrey/proglog-rs)
chdir(/home/andrey/proglog-rs)
chdir(vim/)
chdir(/home/andrey/proglog-rs)
chdir(/home/andrey/proglog-rs)
chdir(vim/)
chdir(/home/andrey/proglog-rs)
chdir(/home/andrey/proglog-rs)
chdir(vim/)
chdir(/home/andrey/proglog-rs)
chdir(/home/andrey/proglog-rs)
chdir(vim/)
chdir(/home/andrey/proglog-rs)
chdir(/home/andrey/proglog-rs)
chdir(vim/)
chdir(/home/andrey/proglog-rs)
chdir(/home/andrey/proglog-rs)
chdir(vim/)
chdir(/home/andrey/proglog-rs)
chdir(/home/andrey/proglog-rs)
chdir(vim/)
chdir(/home/andrey/proglog-rs)
chdir(/home/andrey/proglog-rs)
chdir(vim/)
chdir(/home/andrey/proglog-rs)
chdir(/home/andrey/proglog-rs)
chdir(vim/)
chdir(/home/andrey/proglog-rs)
chdir(/home/andrey/proglog-rs)
chdir(vim/)
chdir(/home/andrey/proglog-rs)
chdir(/home/andrey/proglog-rs)
chdir(vim/)
chdir(/home/andrey/proglog-rs)
chdir(/home/andrey/proglog-rs)
chdir(vim/)
chdir(/home/andrey/proglog-rs)
chdir(/home/andrey/proglog-rs)
chdir(vim/)
chdir(/home/andrey/proglog-rs)
chdir(/home/andrey/proglog-rs)
chdir(vim/)
chdir(/home/andrey/proglog-rs)
chdir(/home/andrey/proglog-rs)
chdir(vim/)
chdir(/home/andrey/proglog-rs)
chdir(/home/andrey/proglog-rs)
chdir(vim/)
chdir(/home/andrey/proglog-rs)
chdir(/home/andrey/proglog-rs)
chdir(vim/)
chdir(/home/andrey/proglog-rs)
chdir(/home/andrey/proglog-rs)
chdir(vim/)
chdir(/home/andrey/proglog-rs)
chdir(/home/andrey/proglog-rs)
chdir(vim/)
chdir(/home/andrey/proglog-rs)
chdir(/home/andrey/proglog-rs)
chdir(vim/)
chdir(/home/andrey/proglog-rs)
chdir(/home/andrey/proglog-rs)
chdir(vim/)
chdir(/home/andrey/proglog-rs)
chdir(/home/andrey/proglog-rs)
chdir(vim/)
chdir(/home/andrey/proglog-rs)
chdir(/home/andrey/proglog-rs)
chdir(vim/)
chdir(/home/andrey/proglog-rs)
chdir(/home/andrey/proglog-rs)
chdir(vim/)
chdir(/home/andrey/proglog-rs)
chdir(/home/andrey/proglog-rs)
chdir(vim/)
chdir(/home/andrey/proglog-rs)
chdir(/home/andrey/proglog-rs)
chdir(vim/)
chdir(/home/andrey/proglog-rs)
chdir(/home/andrey/proglog-rs)
chdir(vim/)
chdir(/home/andrey/proglog-rs)
chdir(/home/andrey/proglog-rs)
chdir(vim/)
chdir(/home/andrey/proglog-rs)
chdir(/home/andrey/proglog-rs)
chdir(vim/)
chdir(/home/andrey/proglog-rs)
chdir(/home/andrey/proglog-rs)
chdir(vim/)
chdir(/home/andrey/proglog-rs)
chdir(/home/andrey/proglog-rs)
chdir(vim/)
chdir(/home/andrey/proglog-rs)
chdir(/home/andrey/proglog-rs)
chdir(vim/)
chdir(/home/andrey/proglog-rs)
chdir(/home/andrey/proglog-rs)
chdir(vim/)
chdir(/home/andrey/proglog-rs)
chdir(/home/andrey/proglog-rs)
chdir(vim/)
chdir(/home/andrey/proglog-rs)
chdir(/home/andrey/proglog-rs)
chdir(vim/)
chdir(/home/andrey/proglog-rs)
chdir(/home/andrey/proglog-rs)
chdir(vim/)
chdir(/home/andrey/proglog-rs)
chdir(/home/andrey/proglog-rs)
chdir(vim/)
chdir(/home/andrey/proglog-rs)
chdir(/home/andrey/proglog-rs)
chdir(vim/)
chdir(/home/andrey/proglog-rs)
chdir(/home/andrey/proglog-rs)
chdir(vim/)
chdir(/home/andrey/proglog-rs)
chdir(/home/andrey/proglog-rs)
chdir(vim/)
chdir(/home/andrey/proglog-rs)
chdir(/home/andrey/proglog-rs)
chdir(vim/)
chdir(/home/andrey/proglog-rs)
chdir(/home/andrey/proglog-rs)
chdir(vim/)
chdir(/home/andrey/proglog-rs)
chdir(/home/andrey/proglog-rs)
chdir(vim/)
chdir(/home/andrey/proglog-rs)
chdir(/home/andrey/proglog-rs)
chdir(vim/)
chdir(/home/andrey/proglog-rs)
--- Autocommands ---
chdir(/home/andrey/proglog-rs)
chdir(vim/)
chdir(/home/andrey/proglog-rs)
chdir(/home/andrey/proglog-rs)
chdir(vim/)
chdir(/home/andrey/proglog-rs)
chdir(/home/andrey/proglog-rs)
chdir(vim/)
chdir(/home/andrey/proglog-rs)
chdir(/home/andrey/proglog-rs)
chdir(vim/)
chdir(/home/andrey/proglog-rs)
chdir(/home/andrey/proglog-rs)
chdir(vim/)
chdir(/home/andrey/proglog-rs)
chdir(/home/andrey/proglog-rs)
chdir(vim/)
chdir(/home/andrey/proglog-rs)
chdir(/home/andrey/proglog-rs)
chdir(vim/)
chdir(/home/andrey/proglog-rs)
chdir(/home/andrey/proglog-rs)
chdir(vim/)
chdir(/home/andrey/proglog-rs)
chdir(/home/andrey/proglog-rs)
chdir(vim/)
chdir(/home/andrey/proglog-rs)
chdir(/home/andrey/proglog-rs)
chdir(vim/)
chdir(/home/andrey/proglog-rs)
chdir(/home/andrey/proglog-rs)
chdir(vim/)
chdir(/home/andrey/proglog-rs)
chdir(/home/andrey/proglog-rs)
chdir(vim/)
chdir(/home/andrey/proglog-rs)
chdir(/home/andrey/proglog-rs)
chdir(vim/)
chdir(/home/andrey/proglog-rs)
chdir(/home/andrey/proglog-rs)
chdir(vim/)
chdir(/home/andrey/proglog-rs)
chdir(/home/andrey/proglog-rs)
chdir(vim/)
chdir(/home/andrey/proglog-rs)
chdir(/home/andrey/proglog-rs)
chdir(vim/)
chdir(/home/andrey/proglog-rs)
chdir(/home/andrey/proglog-rs)
chdir(vim/)
chdir(/home/andrey/proglog-rs)
chdir(/home/andrey/proglog-rs)
chdir(vim/)
chdir(/home/andrey/proglog-rs)
chdir(/home/andrey/proglog-rs)
chdir(vim/)
chdir(/home/andrey/proglog-rs)
chdir(/home/andrey/proglog-rs)
chdir(vim/)
chdir(/home/andrey/proglog-rs)
chdir(/home/andrey/proglog-rs)
chdir(vim/)
chdir(/home/andrey/proglog-rs)
chdir(/home/andrey/proglog-rs)
chdir(vim/)
chdir(/home/andrey/proglog-rs)
chdir(/home/andrey/proglog-rs)
chdir(vim/)
chdir(/home/andrey/proglog-rs)
chdir(/home/andrey/proglog-rs)
chdir(vim/)
chdir(/home/andrey/proglog-rs)
chdir(/home/andrey/proglog-rs)
chdir(vim/)
chdir(/home/andrey/proglog-rs)
chdir(/home/andrey/proglog-rs)
chdir(vim/)
chdir(/home/andrey/proglog-rs)
chdir(/home/andrey/proglog-rs)
chdir(vim/)
chdir(/home/andrey/proglog-rs)
chdir(/home/andrey/proglog-rs)
chdir(vim/)
chdir(/home/andrey/proglog-rs)
chdir(/home/andrey/proglog-rs)
chdir(vim/)
chdir(/home/andrey/proglog-rs)
chdir(/home/andrey/proglog-rs)
chdir(vim/)
chdir(/home/andrey/proglog-rs)
chdir(/home/andrey/proglog-rs)
chdir(vim/)
chdir(/home/andrey/proglog-rs)
chdir(/home/andrey/proglog-rs)
chdir(vim/)
chdir(/home/andrey/proglog-rs)
chdir(/home/andrey/proglog-rs)
chdir(vim/)
chdir(/home/andrey/proglog-rs)
chdir(/home/andrey/proglog-rs)
chdir(vim/)
chdir(/home/andrey/proglog-rs)
chdir(/home/andrey/proglog-rs)
chdir(vim/)
chdir(/home/andrey/proglog-rs)
chdir(/home/andrey/proglog-rs)
chdir(vim/)
chdir(/home/andrey/proglog-rs)
chdir(/home/andrey/proglog-rs)
chdir(/home/andrey/.local/share/nvim/lazy/lualine.nvim/lua/lualine/utils/)
chdir(/home/andrey/proglog-rs)
--- Autocommands ---
chdir(/home/andrey/proglog-rs)
chdir(vim/)
chdir(/home/andrey/proglog-rs)
chdir(/home/andrey/proglog-rs)
chdir(vim/)
chdir(/home/andrey/proglog-rs)
chdir(/home/andrey/proglog-rs)
chdir(vim/)
chdir(/home/andrey/proglog-rs)
chdir(/home/andrey/proglog-rs)
chdir(vim/)
chdir(/home/andrey/proglog-rs)
chdir(/home/andrey/proglog-rs)
chdir(vim/)
chdir(/home/andrey/proglog-rs)
chdir(/home/andrey/proglog-rs)
chdir(vim/)
chdir(/home/andrey/proglog-rs)
chdir(/home/andrey/proglog-rs)
chdir(vim/)
chdir(/home/andrey/proglog-rs)
chdir(/home/andrey/proglog-rs)
chdir(vim/)
chdir(/home/andrey/proglog-rs)
chdir(/home/andrey/proglog-rs)
chdir(vim/)
chdir(/home/andrey/proglog-rs)
chdir(/home/andrey/proglog-rs)
chdir(vim/)
chdir(/home/andrey/proglog-rs)
chdir(/home/andrey/proglog-rs)
chdir(/home/andrey/.local/share/nvimlazy/lazy.nvim/lua/lazy/core/handler/)
chdir(/home/andrey/proglog-rs)
chdir(/home/andrey/proglog-rs)
chdir(/home/andrey/.local/share/nvimlazy/lazy.nvim/lua/lazy/core/handler/)
chdir(/home/andrey/proglog-rs)
chdir(/home/andrey/proglog-rs)
chdir(/home/andrey/.local/share/nvimlazy/lazy.nvim/lua/lazy/core/handler/)
chdir(/home/andrey/proglog-rs)
chdir(/home/andrey/proglog-rs)
chdir(/home/andrey/.local/share/nvimlazy/lazy.nvim/lua/lazy/core/handler/)
chdir(/home/andrey/proglog-rs)
chdir(/home/andrey/proglog-rs)
chdir(/home/andrey/.local/share/nvimlazy/lazy.nvim/lua/lazy/core/handler/)
chdir(/home/andrey/proglog-rs)
chdir(/home/andrey/proglog-rs)
chdir(/home/andrey/.local/share/nvimlazy/lazy.nvim/lua/lazy/core/handler/)
chdir(/home/andrey/proglog-rs)
chdir(/home/andrey/proglog-rs)
chdir(/home/andrey/.local/share/nvimlazy/lazy.nvim/lua/lazy/core/handler/)
chdir(/home/andrey/proglog-rs)
chdir(/home/andrey/proglog-rs)
chdir(/home/andrey/.local/share/nvimlazy/lazy.nvim/lua/lazy/core/handler/)
chdir(/home/andrey/proglog-rs)
chdir(/home/andrey/proglog-rs)
chdir(/home/andrey/.local/share/nvimlazy/lazy.nvim/lua/lazy/core/handler/)
chdir(/home/andrey/proglog-rs)
chdir(/home/andrey/proglog-rs)
chdir(/home/andrey/.local/share/nvimlazy/lazy.nvim/lua/lazy/core/handler/)
chdir(/home/andrey/proglog-rs)
chdir(/home/andrey/proglog-rs)
chdir(/home/andrey/.local/share/nvimlazy/lazy.nvim/lua/lazy/core/handler/)
chdir(/home/andrey/proglog-rs)
chdir(/home/andrey/proglog-rs)
chdir(/home/andrey/.local/share/nvimlazy/lazy.nvim/lua/lazy/core/handler/)
chdir(/home/andrey/proglog-rs)
chdir(/home/andrey/proglog-rs)
chdir(/home/andrey/.local/share/nvimlazy/lazy.nvim/lua/lazy/core/handler/)
chdir(/home/andrey/proglog-rs)
chdir(/home/andrey/proglog-rs)
chdir(/home/andrey/.local/share/nvimlazy/lazy.nvim/lua/lazy/core/handler/)
chdir(/home/andrey/proglog-rs)
chdir(/home/andrey/proglog-rs)
chdir(/home/andrey/.local/share/nvimlazy/lazy.nvim/lua/lazy/core/handler/)
chdir(/home/andrey/proglog-rs)
chdir(/home/andrey/proglog-rs)
chdir(/home/andrey/.local/share/nvimlazy/lazy.nvim/lua/lazy/core/handler/)
chdir(/home/andrey/proglog-rs)
chdir(/home/andrey/proglog-rs)
chdir(/home/andrey/.local/share/nvimlazy/lazy.nvim/lua/lazy/core/handler/)
chdir(/home/andrey/proglog-rs)
chdir(/home/andrey/proglog-rs)
chdir(/home/andrey/.local/share/nvimlazy/lazy.nvim/lua/lazy/core/handler/)
chdir(/home/andrey/proglog-rs)
chdir(/home/andrey/proglog-rs)
chdir(/home/andrey/.local/share/nvimlazy/lazy.nvim/lua/lazy/core/handler/)
chdir(/home/andrey/proglog-rs)
chdir(/home/andrey/proglog-rs)
chdir(/home/andrey/.local/share/nvimlazy/lazy.nvim/lua/lazy/core/)
chdir(/home/andrey/proglog-rs)
chdir(/home/andrey/proglog-rs)
chdir(/home/andrey/.local/share/nvimlazy/lazy.nvim/lua/lazy/core/)
chdir(/home/andrey/proglog-rs)
chdir(/home/andrey/proglog-rs)
chdir(/home/andrey/.local/share/nvim/lazy/nvim-treesitter-textobjects/plugin/)
chdir(/home/andrey/proglog-rs)
line 0: sourcing "/home/andrey/.local/share/nvim/lazy/nvim-treesitter-textobjects/plugin/nvim-treesitter-textobjects.vim"
chdir(/home/andrey/proglog-rs)
chdir(/home/andrey/.local/share/nvim/lazy/nvim-treesitter/lua/nvim-treesitter/)
chdir(/home/andrey/proglog-rs)
finished sourcing /home/andrey/.local/share/nvim/lazy/nvim-treesitter-textobjects/plugin/nvim-treesitter-textobjects.vim
continuing in nvim_exec2() called at User Autocommands for "VeryLazy":0
chdir(/home/andrey/proglog-rs)
chdir(/home/andrey/.local/share/nvimlazy/lazy.nvim/lua/lazy/core/)
chdir(/home/andrey/proglog-rs)
chdir(/home/andrey/proglog-rs)
chdir(/home/andrey/.local/share/nvim/lazy/vim-eunuch/plugin/)
chdir(/home/andrey/proglog-rs)
line 0: sourcing "/home/andrey/.local/share/nvim/lazy/vim-eunuch/plugin/eunuch.vim"
finished sourcing /home/andrey/.local/share/nvim/lazy/vim-eunuch/plugin/eunuch.vim
continuing in nvim_exec2() called at User Autocommands for "VeryLazy":0
Executing User Autocommands for "VeryLazy"
autocommand <Lua 226: ~/.local/share/nvim/lazy/LazyVim/lua/lazyvim/util/init.lua:91>

autocommand <Lua 228: ~/.local/share/nvim/lazy/LazyVim/lua/lazyvim/util/init.lua:91>

autocommand <Lua 229: ~/.local/share/nvim/lazy/LazyVim/lua/lazyvim/util/init.lua:91>

Executing User Autocommands for "VeryLazy"
autocommand <Lua 234: ~/.local/share/nvim/lazy/LazyVim/lua/lazyvim/config/init.lua:186>

chdir(/home/andrey/proglog-rs)
chdir(/home/andrey/.local/share/nvim/lazy/LazyVim/lua/lazyvim/config/)
chdir(/home/andrey/proglog-rs)
chdir(/home/andrey/proglog-rs)
chdir(/home/andrey/.local/share/nvim/lazy/LazyVim/lua/lazyvim/config/)
chdir(/home/andrey/proglog-rs)
chdir(/home/andrey/proglog-rs)
chdir(/home/andrey/.local/share/nvim/lazy/LazyVim/lua/lazyvim/config/)
chdir(/home/andrey/proglog-rs)
chdir(/home/andrey/proglog-rs)
chdir(/home/andrey/.local/share/nvim/lazy/LazyVim/lua/lazyvim/config/)
chdir(/home/andrey/proglog-rs)
chdir(/home/andrey/proglog-rs)
chdir(/home/andrey/.local/share/nvim/lazy/LazyVim/lua/lazyvim/config/)
chdir(/home/andrey/proglog-rs)
chdir(/home/andrey/proglog-rs)
chdir(/home/andrey/.local/share/nvim/lazy/LazyVim/lua/lazyvim/config/)
chdir(/home/andrey/proglog-rs)
chdir(/home/andrey/proglog-rs)
chdir(/home/andrey/.local/share/nvim/lazy/LazyVim/lua/lazyvim/config/)
chdir(/home/andrey/proglog-rs)
chdir(/home/andrey/proglog-rs)
chdir(/home/andrey/.local/share/nvim/lazy/LazyVim/lua/lazyvim/config/)
chdir(/home/andrey/proglog-rs)
chdir(/home/andrey/proglog-rs)
chdir(/home/andrey/.local/share/nvim/lazy/LazyVim/lua/lazyvim/config/)
chdir(/home/andrey/proglog-rs)
chdir(/home/andrey/proglog-rs)
chdir(/home/andrey/.local/share/nvim/lazy/LazyVim/lua/lazyvim/config/)
chdir(/home/andrey/proglog-rs)
chdir(/home/andrey/proglog-rs)
chdir(/home/andrey/.local/share/nvim/lazy/LazyVim/lua/lazyvim/config/)
chdir(/home/andrey/proglog-rs)
chdir(/home/andrey/proglog-rs)
chdir(/home/andrey/.local/share/nvim/lazy/LazyVim/lua/lazyvim/config/)
chdir(/home/andrey/proglog-rs)
chdir(/home/andrey/proglog-rs)
chdir(/home/andrey/.local/share/nvim/lazy/LazyVim/lua/lazyvim/config/)
chdir(/home/andrey/proglog-rs)
chdir(/home/andrey/proglog-rs)
chdir(/home/andrey/.local/share/nvim/lazy/LazyVim/lua/lazyvim/config/)
chdir(/home/andrey/proglog-rs)
chdir(/home/andrey/proglog-rs)
chdir(/home/andrey/.local/share/nvim/lazy/LazyVim/lua/lazyvim/config/)
chdir(/home/andrey/proglog-rs)
chdir(/home/andrey/proglog-rs)
chdir(/home/andrey/.local/share/nvim/lazy/LazyVim/lua/lazyvim/config/)
chdir(/home/andrey/proglog-rs)
chdir(/home/andrey/proglog-rs)
chdir(/home/andrey/.local/share/nvim/lazy/LazyVim/lua/lazyvim/config/)
chdir(/home/andrey/proglog-rs)
chdir(/home/andrey/proglog-rs)
chdir(/home/andrey/.local/share/nvim/lazy/LazyVim/lua/lazyvim/config/)
chdir(/home/andrey/proglog-rs)
chdir(/home/andrey/proglog-rs)
chdir(/home/andrey/.local/share/nvim/lazy/LazyVim/lua/lazyvim/config/)
chdir(/home/andrey/proglog-rs)
chdir(/home/andrey/proglog-rs)
chdir(/home/andrey/.local/share/nvim/lazy/LazyVim/lua/lazyvim/config/)
chdir(/home/andrey/proglog-rs)
chdir(/home/andrey/proglog-rs)
chdir(/home/andrey/.local/share/nvim/lazy/LazyVim/lua/lazyvim/config/)
chdir(/home/andrey/proglog-rs)
chdir(/home/andrey/proglog-rs)
chdir(/home/andrey/.local/share/nvim/lazy/LazyVim/lua/lazyvim/config/)
chdir(/home/andrey/proglog-rs)
chdir(/home/andrey/proglog-rs)
chdir(/home/andrey/.local/share/nvim/lazy/LazyVim/lua/lazyvim/config/)
chdir(/home/andrey/proglog-rs)
chdir(/home/andrey/proglog-rs)
chdir(/home/andrey/.local/share/nvim/lazy/LazyVim/lua/lazyvim/config/)
chdir(/home/andrey/proglog-rs)
chdir(/home/andrey/proglog-rs)
chdir(/home/andrey/.local/share/nvim/lazy/LazyVim/lua/lazyvim/config/)
chdir(/home/andrey/proglog-rs)
chdir(/home/andrey/proglog-rs)
chdir(/home/andrey/.local/share/nvim/lazy/LazyVim/lua/lazyvim/config/)
chdir(/home/andrey/proglog-rs)
chdir(/home/andrey/proglog-rs)
chdir(/home/andrey/.local/share/nvim/lazy/LazyVim/lua/lazyvim/config/)
chdir(/home/andrey/proglog-rs)
chdir(/home/andrey/proglog-rs)
chdir(/home/andrey/.local/share/nvim/lazy/LazyVim/lua/lazyvim/config/)
chdir(/home/andrey/proglog-rs)
chdir(/home/andrey/proglog-rs)
chdir(/home/andrey/.local/share/nvim/lazy/LazyVim/lua/lazyvim/config/)
chdir(/home/andrey/proglog-rs)
chdir(/home/andrey/proglog-rs)
chdir(/home/andrey/.local/share/nvim/lazy/LazyVim/lua/lazyvim/config/)
chdir(/home/andrey/proglog-rs)
chdir(/home/andrey/proglog-rs)
chdir(/home/andrey/.local/share/nvim/lazy/LazyVim/lua/lazyvim/config/)
chdir(/home/andrey/proglog-rs)
chdir(/home/andrey/proglog-rs)
chdir(/home/andrey/.local/share/nvim/lazy/LazyVim/lua/lazyvim/util/)
chdir(/home/andrey/proglog-rs)
chdir(/home/andrey/proglog-rs)
chdir(/home/andrey/.local/share/nvim/lazy/LazyVim/lua/lazyvim/util/)
chdir(/home/andrey/proglog-rs)
chdir(/home/andrey/proglog-rs)
chdir(/home/andrey/.local/share/nvim/lazy/LazyVim/lua/lazyvim/util/)
chdir(/home/andrey/proglog-rs)
chdir(/home/andrey/proglog-rs)
chdir(/home/andrey/.local/share/nvim/lazy/LazyVim/lua/lazyvim/util/)
chdir(/home/andrey/proglog-rs)
chdir(/home/andrey/proglog-rs)
chdir(/home/andrey/.local/share/nvim/lazy/LazyVim/lua/lazyvim/util/)
chdir(/home/andrey/proglog-rs)
chdir(/home/andrey/proglog-rs)
chdir(/home/andrey/.local/share/nvim/lazy/LazyVim/lua/lazyvim/util/)
chdir(/home/andrey/proglog-rs)
chdir(/home/andrey/proglog-rs)
chdir(/home/andrey/.local/share/nvim/lazy/LazyVim/lua/lazyvim/util/)
chdir(/home/andrey/proglog-rs)
chdir(/home/andrey/proglog-rs)
chdir(/home/andrey/.local/share/nvim/lazy/LazyVim/lua/lazyvim/util/)
chdir(/home/andrey/proglog-rs)
chdir(/home/andrey/proglog-rs)
chdir(/home/andrey/.local/share/nvim/lazy/LazyVim/lua/lazyvim/util/)
chdir(/home/andrey/proglog-rs)
chdir(/home/andrey/proglog-rs)
chdir(/home/andrey/.local/share/nvim/lazy/LazyVim/lua/lazyvim/util/)
chdir(/home/andrey/proglog-rs)
chdir(/home/andrey/proglog-rs)
chdir(/home/andrey/.local/share/nvim/lazy/LazyVim/lua/lazyvim/util/)
chdir(/home/andrey/proglog-rs)
chdir(/home/andrey/proglog-rs)
chdir(/home/andrey/.local/share/nvim/lazy/LazyVim/lua/lazyvim/util/)
chdir(/home/andrey/proglog-rs)
chdir(/home/andrey/proglog-rs)
chdir(/home/andrey/.local/share/nvim/lazy/LazyVim/lua/lazyvim/util/)
chdir(/home/andrey/proglog-rs)
chdir(/home/andrey/proglog-rs)
chdir(/home/andrey/.local/share/nvim/lazy/LazyVim/lua/lazyvim/util/)
chdir(/home/andrey/proglog-rs)
chdir(/home/andrey/proglog-rs)
chdir(/home/andrey/.local/share/nvim/lazy/LazyVim/lua/lazyvim/util/)
chdir(/home/andrey/proglog-rs)
chdir(/home/andrey/proglog-rs)
chdir(/home/andrey/.local/share/nvim/lazy/LazyVim/lua/lazyvim/util/)
chdir(/home/andrey/proglog-rs)
chdir(/home/andrey/proglog-rs)
chdir(/home/andrey/.local/share/nvim/lazy/LazyVim/lua/lazyvim/util/)
chdir(/home/andrey/proglog-rs)
chdir(/home/andrey/proglog-rs)
chdir(/home/andrey/.local/share/nvim/lazy/LazyVim/lua/lazyvim/util/)
chdir(/home/andrey/proglog-rs)
chdir(/home/andrey/proglog-rs)
chdir(/home/andrey/.local/share/nvim/lazy/LazyVim/lua/lazyvim/util/)
chdir(/home/andrey/proglog-rs)
chdir(/home/andrey/proglog-rs)
chdir(/home/andrey/.local/share/nvim/lazy/LazyVim/lua/lazyvim/util/)
chdir(/home/andrey/proglog-rs)
chdir(/home/andrey/proglog-rs)
chdir(/home/andrey/.local/share/nvim/lazy/LazyVim/lua/lazyvim/util/)
chdir(/home/andrey/proglog-rs)
chdir(/home/andrey/proglog-rs)
chdir(/home/andrey/.local/share/nvim/lazy/LazyVim/lua/lazyvim/util/)
chdir(/home/andrey/proglog-rs)
chdir(/home/andrey/proglog-rs)
chdir(/home/andrey/.local/share/nvim/lazy/LazyVim/lua/lazyvim/util/)
chdir(/home/andrey/proglog-rs)
chdir(/home/andrey/proglog-rs)
chdir(/home/andrey/.local/share/nvim/lazy/LazyVim/lua/lazyvim/util/)
chdir(/home/andrey/proglog-rs)
chdir(/home/andrey/proglog-rs)
chdir(/home/andrey/.local/share/nvim/lazy/LazyVim/lua/lazyvim/util/)
chdir(/home/andrey/proglog-rs)
chdir(/home/andrey/proglog-rs)
chdir(/home/andrey/.local/share/nvim/lazy/LazyVim/lua/lazyvim/util/)
chdir(/home/andrey/proglog-rs)
chdir(/home/andrey/proglog-rs)
chdir(/home/andrey/.local/share/nvim/lazy/LazyVim/lua/lazyvim/util/)
chdir(/home/andrey/proglog-rs)
chdir(/home/andrey/proglog-rs)
chdir(/home/andrey/.local/share/nvim/lazy/LazyVim/lua/lazyvim/util/)
chdir(/home/andrey/proglog-rs)
chdir(/home/andrey/proglog-rs)
chdir(/home/andrey/.local/share/nvim/lazy/LazyVim/lua/lazyvim/util/)
chdir(/home/andrey/proglog-rs)
chdir(/home/andrey/proglog-rs)
chdir(/home/andrey/.local/share/nvim/lazy/LazyVim/lua/lazyvim/util/)
chdir(/home/andrey/proglog-rs)
chdir(/home/andrey/proglog-rs)
chdir(/home/andrey/.local/share/nvim/lazy/LazyVim/lua/lazyvim/util/)
chdir(/home/andrey/proglog-rs)
chdir(/home/andrey/proglog-rs)
chdir(/home/andrey/.local/share/nvim/lazy/LazyVim/lua/lazyvim/util/)
chdir(/home/andrey/proglog-rs)
chdir(/home/andrey/proglog-rs)
chdir(/home/andrey/.local/share/nvim/lazy/LazyVim/lua/lazyvim/util/)
chdir(/home/andrey/proglog-rs)
chdir(/home/andrey/proglog-rs)
chdir(/home/andrey/.local/share/nvim/lazy/LazyVim/lua/lazyvim/util/)
chdir(/home/andrey/proglog-rs)
chdir(/home/andrey/proglog-rs)
chdir(/home/andrey/.local/share/nvim/lazy/LazyVim/lua/lazyvim/util/)
chdir(/home/andrey/proglog-rs)
chdir(/home/andrey/proglog-rs)
chdir(/home/andrey/.local/share/nvim/lazy/LazyVim/lua/lazyvim/util/)
chdir(/home/andrey/proglog-rs)
chdir(/home/andrey/proglog-rs)
chdir(/home/andrey/.local/share/nvim/lazy/LazyVim/lua/lazyvim/util/)
chdir(/home/andrey/proglog-rs)
chdir(/home/andrey/proglog-rs)
chdir(/home/andrey/.local/share/nvim/lazy/LazyVim/lua/lazyvim/util/)
chdir(/home/andrey/proglog-rs)
chdir(/home/andrey/proglog-rs)
chdir(/home/andrey/.local/share/nvim/lazy/LazyVim/lua/lazyvim/util/)
chdir(/home/andrey/proglog-rs)
chdir(/home/andrey/proglog-rs)
chdir(/home/andrey/.local/share/nvim/lazy/LazyVim/lua/lazyvim/util/)
chdir(/home/andrey/proglog-rs)
chdir(/home/andrey/proglog-rs)
chdir(/home/andrey/.local/share/nvim/lazy/LazyVim/lua/lazyvim/util/)
chdir(/home/andrey/proglog-rs)
chdir(/home/andrey/proglog-rs)
chdir(/home/andrey/.local/share/nvim/lazy/LazyVim/lua/lazyvim/util/)
chdir(/home/andrey/proglog-rs)
chdir(/home/andrey/proglog-rs)
chdir(/home/andrey/.local/share/nvim/lazy/LazyVim/lua/lazyvim/util/)
chdir(/home/andrey/proglog-rs)
chdir(/home/andrey/proglog-rs)
chdir(/home/andrey/.local/share/nvim/lazy/LazyVim/lua/lazyvim/util/)
chdir(/home/andrey/proglog-rs)
chdir(/home/andrey/proglog-rs)
chdir(/home/andrey/.local/share/nvim/lazy/LazyVim/lua/lazyvim/util/)
chdir(/home/andrey/proglog-rs)
chdir(/home/andrey/proglog-rs)
chdir(/home/andrey/.local/share/nvim/lazy/LazyVim/lua/lazyvim/util/)
chdir(/home/andrey/proglog-rs)
chdir(/home/andrey/proglog-rs)
chdir(/home/andrey/.local/share/nvim/lazy/LazyVim/lua/lazyvim/util/)
chdir(/home/andrey/proglog-rs)
chdir(/home/andrey/proglog-rs)
chdir(/home/andrey/.local/share/nvim/lazy/LazyVim/lua/lazyvim/util/)
chdir(/home/andrey/proglog-rs)
chdir(/home/andrey/proglog-rs)
chdir(/home/andrey/.local/share/nvim/lazy/LazyVim/lua/lazyvim/util/)
chdir(/home/andrey/proglog-rs)
chdir(/home/andrey/proglog-rs)
chdir(/home/andrey/.local/share/nvim/lazy/LazyVim/lua/lazyvim/util/)
chdir(/home/andrey/proglog-rs)
chdir(/home/andrey/proglog-rs)
chdir(/home/andrey/.local/share/nvim/lazy/LazyVim/lua/lazyvim/util/)
chdir(/home/andrey/proglog-rs)
chdir(/home/andrey/proglog-rs)
chdir(/home/andrey/.local/share/nvim/lazy/LazyVim/lua/lazyvim/util/)
chdir(/home/andrey/proglog-rs)
chdir(/home/andrey/proglog-rs)
chdir(/home/andrey/.local/share/nvim/lazy/LazyVim/lua/lazyvim/util/)
chdir(/home/andrey/proglog-rs)
chdir(/home/andrey/proglog-rs)
chdir(/home/andrey/.local/share/nvim/lazy/LazyVim/lua/lazyvim/util/)
chdir(/home/andrey/proglog-rs)
chdir(/home/andrey/proglog-rs)
chdir(/home/andrey/.local/share/nvim/lazy/LazyVim/lua/lazyvim/util/)
chdir(/home/andrey/proglog-rs)
chdir(/home/andrey/proglog-rs)
chdir(/home/andrey/.local/share/nvim/lazy/LazyVim/lua/lazyvim/util/)
chdir(/home/andrey/proglog-rs)
chdir(/home/andrey/proglog-rs)
chdir(/home/andrey/.local/share/nvim/lazy/LazyVim/lua/lazyvim/util/)
chdir(/home/andrey/proglog-rs)
chdir(/home/andrey/proglog-rs)
chdir(/home/andrey/.local/share/nvim/lazy/LazyVim/lua/lazyvim/util/)
chdir(/home/andrey/proglog-rs)
chdir(/home/andrey/proglog-rs)
chdir(/home/andrey/.local/share/nvim/lazy/LazyVim/lua/lazyvim/util/)
chdir(/home/andrey/proglog-rs)
chdir(/home/andrey/proglog-rs)
chdir(/home/andrey/.local/share/nvim/lazy/LazyVim/lua/lazyvim/util/)
chdir(/home/andrey/proglog-rs)
chdir(/home/andrey/proglog-rs)
chdir(/home/andrey/.local/share/nvim/lazy/LazyVim/lua/lazyvim/util/)
chdir(/home/andrey/proglog-rs)
chdir(/home/andrey/proglog-rs)
chdir(/home/andrey/.local/share/nvim/lazy/LazyVim/lua/lazyvim/util/)
chdir(/home/andrey/proglog-rs)
chdir(/home/andrey/proglog-rs)
chdir(/home/andrey/.local/share/nvim/lazy/LazyVim/lua/lazyvim/util/)
chdir(/home/andrey/proglog-rs)
chdir(/home/andrey/proglog-rs)
chdir(/home/andrey/.local/share/nvim/lazy/LazyVim/lua/lazyvim/util/)
chdir(/home/andrey/proglog-rs)
chdir(/home/andrey/proglog-rs)
chdir(/home/andrey/.local/share/nvim/lazy/LazyVim/lua/lazyvim/util/)
chdir(/home/andrey/proglog-rs)
chdir(/home/andrey/proglog-rs)
chdir(/home/andrey/.local/share/nvim/lazy/LazyVim/lua/lazyvim/util/)
chdir(/home/andrey/proglog-rs)
chdir(/home/andrey/proglog-rs)
chdir(/home/andrey/.local/share/nvim/lazy/LazyVim/lua/lazyvim/util/)
chdir(/home/andrey/proglog-rs)
chdir(/home/andrey/proglog-rs)
chdir(/home/andrey/.local/share/nvim/lazy/LazyVim/lua/lazyvim/util/)
chdir(/home/andrey/proglog-rs)
chdir(/home/andrey/proglog-rs)
chdir(/home/andrey/.local/share/nvim/lazy/LazyVim/lua/lazyvim/util/)
chdir(/home/andrey/proglog-rs)
chdir(/home/andrey/proglog-rs)
chdir(/home/andrey/.local/share/nvim/lazy/LazyVim/lua/lazyvim/util/)
chdir(/home/andrey/proglog-rs)
chdir(/home/andrey/proglog-rs)
chdir(/home/andrey/.local/share/nvim/lazy/LazyVim/lua/lazyvim/util/)
chdir(/home/andrey/proglog-rs)
chdir(/home/andrey/proglog-rs)
chdir(/home/andrey/.local/share/nvim/lazy/LazyVim/lua/lazyvim/util/)
chdir(/home/andrey/proglog-rs)
chdir(/home/andrey/proglog-rs)
chdir(/home/andrey/.local/share/nvim/lazy/LazyVim/lua/lazyvim/util/)
chdir(/home/andrey/proglog-rs)
chdir(/home/andrey/proglog-rs)
chdir(/home/andrey/.local/share/nvim/lazy/LazyVim/lua/lazyvim/util/)
chdir(/home/andrey/proglog-rs)
chdir(/home/andrey/proglog-rs)
chdir(/home/andrey/.local/share/nvim/lazy/LazyVim/lua/lazyvim/util/)
chdir(/home/andrey/proglog-rs)
chdir(/home/andrey/proglog-rs)
chdir(/home/andrey/.local/share/nvim/lazy/LazyVim/lua/lazyvim/util/)
chdir(/home/andrey/proglog-rs)
chdir(/home/andrey/proglog-rs)
chdir(/home/andrey/.local/share/nvim/lazy/LazyVim/lua/lazyvim/util/)
chdir(/home/andrey/proglog-rs)
chdir(/home/andrey/proglog-rs)
chdir(/home/andrey/.local/share/nvim/lazy/LazyVim/lua/lazyvim/util/)
chdir(/home/andrey/proglog-rs)
chdir(/home/andrey/proglog-rs)
chdir(/home/andrey/.local/share/nvim/lazy/LazyVim/lua/lazyvim/util/)
chdir(/home/andrey/proglog-rs)
chdir(/home/andrey/proglog-rs)
chdir(/home/andrey/.local/share/nvim/lazy/LazyVim/lua/lazyvim/util/)
chdir(/home/andrey/proglog-rs)
chdir(/home/andrey/proglog-rs)
chdir(/home/andrey/.local/share/nvim/lazy/LazyVim/lua/lazyvim/util/)
chdir(/home/andrey/proglog-rs)
chdir(/home/andrey/proglog-rs)
chdir(/home/andrey/.local/share/nvim/lazy/LazyVim/lua/lazyvim/util/)
chdir(/home/andrey/proglog-rs)
chdir(/home/andrey/proglog-rs)
chdir(/home/andrey/.local/share/nvim/lazy/LazyVim/lua/lazyvim/util/)
chdir(/home/andrey/proglog-rs)
chdir(/home/andrey/proglog-rs)
chdir(/home/andrey/.local/share/nvim/lazy/LazyVim/lua/lazyvim/util/)
chdir(/home/andrey/proglog-rs)
chdir(/home/andrey/proglog-rs)
chdir(/home/andrey/.local/share/nvim/lazy/LazyVim/lua/lazyvim/util/)
chdir(/home/andrey/proglog-rs)
chdir(/home/andrey/proglog-rs)
chdir(/home/andrey/.local/share/nvim/lazy/LazyVim/lua/lazyvim/util/)
chdir(/home/andrey/proglog-rs)
chdir(/home/andrey/proglog-rs)
chdir(/home/andrey/.local/share/nvim/lazy/LazyVim/lua/lazyvim/util/)
chdir(/home/andrey/proglog-rs)
chdir(/home/andrey/proglog-rs)
chdir(/home/andrey/.local/share/nvim/lazy/LazyVim/lua/lazyvim/util/)
chdir(/home/andrey/proglog-rs)
chdir(/home/andrey/proglog-rs)
chdir(/home/andrey/.local/share/nvim/lazy/LazyVim/lua/lazyvim/util/)
chdir(/home/andrey/proglog-rs)
chdir(/home/andrey/proglog-rs)
chdir(/home/andrey/.local/share/nvim/lazy/LazyVim/lua/lazyvim/util/)
chdir(/home/andrey/proglog-rs)
chdir(/home/andrey/proglog-rs)
chdir(/home/andrey/.local/share/nvim/lazy/LazyVim/lua/lazyvim/util/)
chdir(/home/andrey/proglog-rs)
chdir(/home/andrey/proglog-rs)
chdir(/home/andrey/.local/share/nvim/lazy/LazyVim/lua/lazyvim/util/)
chdir(/home/andrey/proglog-rs)
chdir(/home/andrey/proglog-rs)
chdir(/home/andrey/.local/share/nvim/lazy/LazyVim/lua/lazyvim/util/)
chdir(/home/andrey/proglog-rs)
chdir(/home/andrey/proglog-rs)
chdir(/home/andrey/.local/share/nvim/lazy/LazyVim/lua/lazyvim/util/)
chdir(/home/andrey/proglog-rs)
chdir(/home/andrey/proglog-rs)
chdir(/home/andrey/.local/share/nvim/lazy/LazyVim/lua/lazyvim/util/)
chdir(/home/andrey/proglog-rs)
chdir(/home/andrey/proglog-rs)
chdir(/home/andrey/.local/share/nvim/lazy/LazyVim/lua/lazyvim/util/)
chdir(/home/andrey/proglog-rs)
chdir(/home/andrey/proglog-rs)
chdir(/home/andrey/.local/share/nvim/lazy/LazyVim/lua/lazyvim/util/)
chdir(/home/andrey/proglog-rs)
chdir(/home/andrey/proglog-rs)
chdir(/home/andrey/.local/share/nvim/lazy/LazyVim/lua/lazyvim/util/)
chdir(/home/andrey/proglog-rs)
chdir(/home/andrey/proglog-rs)
chdir(/home/andrey/.local/share/nvim/lazy/LazyVim/lua/lazyvim/util/)
chdir(/home/andrey/proglog-rs)
chdir(/home/andrey/proglog-rs)
chdir(/home/andrey/.local/share/nvim/lazy/LazyVim/lua/lazyvim/util/)
chdir(/home/andrey/proglog-rs)
chdir(/home/andrey/proglog-rs)
chdir(/home/andrey/.local/share/nvim/lazy/LazyVim/lua/lazyvim/util/)
chdir(/home/andrey/proglog-rs)
chdir(/home/andrey/proglog-rs)
chdir(/home/andrey/.local/share/nvim/lazy/LazyVim/lua/lazyvim/util/)
chdir(/home/andrey/proglog-rs)
chdir(/home/andrey/proglog-rs)
chdir(/home/andrey/.local/share/nvim/lazy/LazyVim/lua/lazyvim/util/)
chdir(/home/andrey/proglog-rs)
chdir(/home/andrey/proglog-rs)
chdir(/home/andrey/.local/share/nvim/lazy/LazyVim/lua/lazyvim/util/)
chdir(/home/andrey/proglog-rs)
chdir(/home/andrey/proglog-rs)
chdir(/home/andrey/.local/share/nvim/lazy/LazyVim/lua/lazyvim/util/)
chdir(/home/andrey/proglog-rs)
chdir(/home/andrey/proglog-rs)
chdir(/home/andrey/.local/share/nvim/lazy/LazyVim/lua/lazyvim/util/)
chdir(/home/andrey/proglog-rs)
chdir(/home/andrey/proglog-rs)
chdir(/home/andrey/.local/share/nvim/lazy/LazyVim/lua/lazyvim/util/)
chdir(/home/andrey/proglog-rs)
chdir(/home/andrey/proglog-rs)
chdir(/home/andrey/.local/share/nvim/lazy/LazyVim/lua/lazyvim/util/)
chdir(/home/andrey/proglog-rs)
chdir(/home/andrey/proglog-rs)
chdir(/home/andrey/.local/share/nvim/lazy/LazyVim/lua/lazyvim/util/)
chdir(/home/andrey/proglog-rs)
chdir(/home/andrey/proglog-rs)
chdir(/home/andrey/.local/share/nvim/lazy/LazyVim/lua/lazyvim/util/)
chdir(/home/andrey/proglog-rs)
chdir(/home/andrey/proglog-rs)
chdir(/home/andrey/.local/share/nvim/lazy/LazyVim/lua/lazyvim/util/)
chdir(/home/andrey/proglog-rs)
chdir(/home/andrey/proglog-rs)
chdir(/home/andrey/.local/share/nvim/lazy/LazyVim/lua/lazyvim/util/)
chdir(/home/andrey/proglog-rs)
chdir(/home/andrey/proglog-rs)
chdir(/home/andrey/.local/share/nvim/lazy/LazyVim/lua/lazyvim/util/)
chdir(/home/andrey/proglog-rs)
chdir(/home/andrey/proglog-rs)
chdir(/home/andrey/.local/share/nvim/lazy/LazyVim/lua/lazyvim/util/)
chdir(/home/andrey/proglog-rs)
chdir(/home/andrey/proglog-rs)
chdir(/home/andrey/.local/share/nvim/lazy/LazyVim/lua/lazyvim/util/)
chdir(/home/andrey/proglog-rs)
chdir(/home/andrey/proglog-rs)
chdir(/home/andrey/.local/share/nvim/lazy/LazyVim/lua/lazyvim/util/)
chdir(/home/andrey/proglog-rs)
chdir(/home/andrey/proglog-rs)
chdir(/home/andrey/.local/share/nvim/lazy/LazyVim/lua/lazyvim/util/)
chdir(/home/andrey/proglog-rs)
chdir(/home/andrey/proglog-rs)
chdir(/home/andrey/.local/share/nvim/lazy/LazyVim/lua/lazyvim/util/)
chdir(/home/andrey/proglog-rs)
chdir(/home/andrey/proglog-rs)
chdir(/home/andrey/.local/share/nvim/lazy/LazyVim/lua/lazyvim/util/)
chdir(/home/andrey/proglog-rs)
chdir(/home/andrey/proglog-rs)
chdir(/home/andrey/.local/share/nvim/lazy/LazyVim/lua/lazyvim/util/)
chdir(/home/andrey/proglog-rs)
chdir(/home/andrey/proglog-rs)
chdir(/home/andrey/.local/share/nvim/lazy/LazyVim/lua/lazyvim/util/)
chdir(/home/andrey/proglog-rs)
chdir(/home/andrey/proglog-rs)
chdir(/home/andrey/.local/share/nvim/lazy/LazyVim/lua/lazyvim/util/)
chdir(/home/andrey/proglog-rs)
chdir(/home/andrey/proglog-rs)
chdir(/home/andrey/.config/nvim/lua/config/)
chdir(/home/andrey/proglog-rs)
chdir(/home/andrey/proglog-rs)
chdir(/home/andrey/.config/nvim/lua/config/)
chdir(/home/andrey/proglog-rs)
chdir(/home/andrey/proglog-rs)
chdir(/home/andrey/.config/nvim/lua/config/)
chdir(/home/andrey/proglog-rs)
chdir(/home/andrey/proglog-rs)
chdir(/home/andrey/.config/nvim/lua/config/)
chdir(/home/andrey/proglog-rs)
chdir(/home/andrey/proglog-rs)
chdir(vim/)
chdir(/home/andrey/proglog-rs)
chdir(/home/andrey/proglog-rs)
chdir(vim/)
chdir(/home/andrey/proglog-rs)
chdir(/home/andrey/proglog-rs)
chdir(vim/)
chdir(/home/andrey/proglog-rs)
chdir(/home/andrey/proglog-rs)
chdir(/home/andrey/.local/share/nvim/lazy/LazyVim/lua/lazyvim/config/)
chdir(/home/andrey/proglog-rs)
chdir(/home/andrey/proglog-rs)
chdir(/home/andrey/.local/share/nvim/lazy/LazyVim/lua/lazyvim/util/)
chdir(/home/andrey/proglog-rs)
chdir(/home/andrey/proglog-rs)
chdir(/home/andrey/.local/share/nvim/lazy/LazyVim/lua/lazyvim/util/)
chdir(/home/andrey/proglog-rs)
chdir(/home/andrey/proglog-rs)
chdir(/home/andrey/.local/share/nvim/lazy/LazyVim/lua/lazyvim/util/)
chdir(/home/andrey/proglog-rs)
chdir(/home/andrey/proglog-rs)
chdir(/home/andrey/.local/share/nvim/lazy/LazyVim/lua/lazyvim/util/)
chdir(/home/andrey/proglog-rs)
chdir(/home/andrey/proglog-rs)
chdir(/home/andrey/.local/share/nvim/lazy/LazyVim/lua/lazyvim/util/)
chdir(/home/andrey/proglog-rs)
chdir(/home/andrey/proglog-rs)
chdir(/home/andrey/.local/share/nvim/lazy/LazyVim/lua/lazyvim/util/)
chdir(/home/andrey/proglog-rs)
chdir(/home/andrey/proglog-rs)
chdir(/home/andrey/.local/share/nvim/lazy/LazyVim/lua/lazyvim/util/)
chdir(/home/andrey/proglog-rs)
chdir(/home/andrey/proglog-rs)
chdir(/home/andrey/.local/share/nvim/lazy/LazyVim/lua/lazyvim/util/)
chdir(/home/andrey/proglog-rs)
chdir(/home/andrey/proglog-rs)
chdir(/home/andrey/.local/share/nvim/lazy/LazyVim/lua/lazyvim/config/)
chdir(/home/andrey/proglog-rs)
chdir(/home/andrey/proglog-rs)
chdir(/home/andrey/.local/share/nvim/lazy/LazyVim/lua/lazyvim/config/)
chdir(/home/andrey/proglog-rs)


--- Terminal info --- {{{
&term: screen-256color
Description: GNU Screen with 256 colors
Aliases: screen-256color
Boolean capabilities:
  auto_left_margin          bw         = false
  auto_right_margin         am         = true
  no_esc_ctlc               xsb        = false
  ceol_standout_glitch      xhp        = false
  eat_newline_glitch        xenl       = true
  erase_overstrike          eo         = false
  generic_type              gn         = false
  hard_copy                 hc         = false
  has_meta_key              km         = true
  has_status_line           hs         = false
  insert_null_glitch        in         = false
  memory_above              da         = false
  memory_below              db         = false
  move_insert_mode          mir        = true
  move_standout_mode        msgr       = true
  over_strike               os         = false
  status_line_esc_ok        eslok      = false
  dest_tabs_magic_smso      xt         = false
  tilde_glitch              hz         = false
  transparent_underline     ul         = false
  xon_xoff                  xon        = false
  needs_xon_xoff            nxon       = false
  prtr_silent               mc5i       = false
  hard_cursor               chts       = false
  non_rev_rmcup             nrrmc      = false
  no_pad_char               npc        = false
  non_dest_scroll_region    ndscr      = false
  can_change                ccc        = false
  back_color_erase          bce        = false
  hue_lightness_saturation  hls        = false
  col_addr_glitch           xhpa       = false
  cr_cancels_micro_mode     crxm       = false
  has_print_wheel           daisy      = false
  row_addr_glitch           xvpa       = false
  semi_auto_right_margin    sam        = false
  cpi_changes_res           cpix       = false
  lpi_changes_res           lpix       = false
  backspaces_with_bs        OTbs       = true
  crt_no_scrolling          OTns       = false
  no_correctly_working_cr   OTnc       = false
  gnu_has_meta_key          OTMT       = false
  linefeed_is_newline       OTNL       = false
  has_hardware_tabs         OTpt       = true
  return_does_clr_eol       OTxr       = false
Numeric capabilities:
  columns                   cols       = 80
  init_tabs                 it         = 8
  lines                     lines      = 24
  lines_of_memory           lm         = -1
  magic_cookie_glitch       xmc        = -1
  padding_baud_rate         pb         = -1
  virtual_terminal          vt         = -1
  width_status_line         wsl        = -1
  num_labels                nlab       = -1
  label_height              lh         = -1
  label_width               lw         = -1
  max_attributes            ma         = -1
  maximum_windows           wnum       = -1
  max_colors                colors     = 256
  max_pairs                 pairs      = 65536
  no_color_video            ncv        = -1
  buffer_capacity           bufsz      = -1
  dot_vert_spacing          spinv      = -1
  dot_horz_spacing          spinh      = -1
  max_micro_address         maddr      = -1
  max_micro_jump            mjump      = -1
  micro_col_size            mcs        = -1
  micro_line_size           mls        = -1
  number_of_pins            npins      = -1
  output_res_char           orc        = -1
  output_res_line           orl        = -1
  output_res_horz_inch      orhi       = -1
  output_res_vert_inch      orvi       = -1
  print_rate                cps        = -1
  wide_char_size            widcs      = -1
  buttons                   btns       = -1
  bit_image_entwining       bitwin     = -1
  bit_image_type            bitype     = -1
  magic_cookie_glitch_ul    OTug       = -1
  carriage_return_delay     OTdC       = -1
  new_line_delay            OTdN       = -1
  backspace_delay           OTdB       = -1
  horizontal_tab_delay      OTdT       = -1
  number_of_function_keys   OTkn       = -1
String capabilities:
  back_tab                  cbt        = ^[[Z
  bell                      bel        = ^G
  carriage_return           cr         = ^M
  change_scroll_region      csr        = ^[[%i%p1%d;%p2%dr
  clear_all_tabs            tbc        = ^[[3g
  clear_screen              clear      = ^[[H^[[J
  clr_eol                   el         = ^[[K
  clr_eos                   ed         = ^[[J
  column_address            hpa        = ^[[%i%p1%dG
  cursor_address            cup        = ^[[%i%p1%d;%p2%dH
  cursor_down               cud1       = ^@
  cursor_home               home       = ^[[H
  cursor_invisible          civis      = ^[[?25l
  cursor_left               cub1       = ^H
  cursor_normal             cnorm      = ^[[34h^[[?25h
  cursor_right              cuf1       = ^[[C
  cursor_up                 cuu1       = ^[M
  cursor_visible            cvvis      = ^[[34l
  delete_character          dch1       = ^[[P
  delete_line               dl1        = ^[[M
  enter_alt_charset_mode    smacs      = ^N
  enter_blink_mode          blink      = ^[[5m
  enter_bold_mode           bold       = ^[[1m
  enter_ca_mode             smcup      = ^[[?1049h
  enter_dim_mode            dim        = ^[[2m
  enter_insert_mode         smir       = ^[[4h
  enter_reverse_mode        rev        = ^[[7m
  enter_standout_mode       smso       = ^[[3m
  enter_underline_mode      smul       = ^[[4m
  exit_alt_charset_mode     rmacs      = ^O
  exit_attribute_mode       sgr0       = ^[[m^O
  exit_ca_mode              rmcup      = ^[[?1049l
  exit_insert_mode          rmir       = ^[[4l
  exit_standout_mode        rmso       = ^[[23m
  exit_underline_mode       rmul       = ^[[24m
  flash_screen              flash      = ^[g
  from_status_line          fsl        = ^[\
  init_2string              is2        = ^[)0
  insert_line               il1        = ^[[L
  key_backspace             kbs        = ^?
  key_dc                    kdch1      = ^[[3~
  key_down                  kcud1      = ^[OB
  key_f1                    kf1        = ^[OP
  key_f10                   kf10       = ^[[21~
  key_f2                    kf2        = ^[OQ
  key_f3                    kf3        = ^[OR
  key_f4                    kf4        = ^[OS
  key_f5                    kf5        = ^[[15~
  key_f6                    kf6        = ^[[17~
  key_f7                    kf7        = ^[[18~
  key_f8                    kf8        = ^[[19~
  key_f9                    kf9        = ^[[20~
  key_home                  khome      = ^[[1~
  key_ic                    kich1      = ^[[2~
  key_left                  kcub1      = ^[OD
  key_npage                 knp        = ^[[6~
  key_ppage                 kpp        = ^[[5~
  key_right                 kcuf1      = ^[OC
  key_up                    kcuu1      = ^[OA
  keypad_local              rmkx       = ^[[?1l^[>
  keypad_xmit               smkx       = ^[[?1h^[=
  newline                   nel        = ^[E
  parm_dch                  dch        = ^[[%p1%dP
  parm_delete_line          dl         = ^[[%p1%dM
  parm_down_cursor          cud        = ^[[%p1%dB
  parm_ich                  ich        = ^[[%p1%d@
  parm_index                indn       = ^[[%p1%dS
  parm_insert_line          il         = ^[[%p1%dL
  parm_left_cursor          cub        = ^[[%p1%dD
  parm_right_cursor         cuf        = ^[[%p1%dC
  parm_rindex               rin        = ^[[%p1%dT
  parm_up_cursor            cuu        = ^[[%p1%dA
  reset_2string             rs2        = ^[c^[[?1000l^[[?25h
  restore_cursor            rc         = ^[8
  row_address               vpa        = ^[[%i%p1%dd
  save_cursor               sc         = ^[7
  scroll_forward            ind        = ^@
  scroll_reverse            ri         = ^[M
  set_attributes            sgr        = ^[[0%?%p6%t;1%;%?%p1%t;3%;%?%p2%t;4%;%?%p3%t;7%;%?%p4%t;5%;%?%p5%t;2%;m%?%p9%t^N%e^O%;
  set_tab                   hts        = ^[H
  tab                       ht         = 	
  to_status_line            tsl        = ^[_
  acs_chars                 acsc       = ++,,--..00``aaffgghhiijjkkllmmnnooppqqrrssttuuvvwwxxyyzz{{||}}~~
  key_btab                  kcbt       = ^[[Z
  ena_acs                   enacs      = ^[(B^[)0
  key_end                   kend       = ^[[4~
  key_f11                   kf11       = ^[[23~
  key_f12                   kf12       = ^[[24~
  clr_bol                   el1        = ^[[1K
  user6                     u6         = ^[[%i%d;%dR
  user7                     u7         = ^[[6n
  user8                     u8         = ^[[?1;2c
  user9                     u9         = ^[[c
  orig_pair                 op         = ^[[39;49m
  key_mouse                 kmous      = ^[[M
  set_a_foreground          setaf      = ^[[%?%p1%{8}%<%t3%p1%d%e%p1%{16}%<%t9%p1%{8}%-%d%e38;5;%p1%d%;m
  set_a_background          setab      = ^[[%?%p1%{8}%<%t4%p1%d%e%p1%{16}%<%t10%p1%{8}%-%d%e48;5;%p1%d%;m
Extended boolean capabilities:
  AX                        = true
  G0                        = true
Extended numeric capabilities:
  U8                        = 1
Extended string capabilities:
  E0                        = ^[(B
  S0                        = ^[(%p1%c
  ext.get_bg                = ^[]11;?^G
  ext.get_extkeys           = ^[[?u^[[c
  Ss                        = ^[[%p1%d q
  Se                        = ^[[ q
  ext.enter_altfont_mode    = ^[[11m
  setrgbf                   = ^[[38;2;%p1%d;%p2%d;%p3%dm
  setrgbb                   = ^[[48;2;%p1%d;%p2%d;%p3%dm
  ext.set_cursor_color      = ^[]12;%p1%s^G
  ext.reset_cursor_color    = ^[]112^G
  ext.save_title            = ^[[22;0t
  ext.restore_title         = ^[[23;0t
  ext.enable_lr_margin      = ^[[?69h
  ext.disable_lr_margin     = ^[[?69l
  ext.enable_bpaste         = ^[[?2004h
  ext.disable_bpaste        = ^[[?2004l
  ext.enable_focus          = ^[[?1004h
  ext.disable_focus         = ^[[?1004l
  ext.enable_mouse          = ^[[?1002h^[[?1006h
  ext.disable_mouse         = ^[[?1002l^[[?1006l
  ext.enable_mouse_move     = ^[[?1003h
  ext.disable_mouse_move    = ^[[?1003l
  ext.enable_extended_keys  = ^[[>4;2m
  ext.disable_extended_keys = ^[[>4;0m
}}}

Executing User Autocommands for "LazyLoad"
autocommand <Lua 444: ~/.local/share/nvim/lazy/LazyVim/lua/lazyvim/util/init.lua:187>

Executing User Autocommands for "LazyLoad"
autocommand <Lua 444: ~/.local/share/nvim/lazy/LazyVim/lua/lazyvim/util/init.lua:187>

Executing User Autocommands for "LazyLoad"
autocommand <Lua 444: ~/.local/share/nvim/lazy/LazyVim/lua/lazyvim/util/init.lua:187>

Executing User Autocommands for "LazyLoad"
autocommand <Lua 444: ~/.local/share/nvim/lazy/LazyVim/lua/lazyvim/util/init.lua:187>

Executing User Autocommands for "LazyLoad"
autocommand <Lua 444: ~/.local/share/nvim/lazy/LazyVim/lua/lazyvim/util/init.lua:187>

chdir(/home/andrey/proglog-rs)
chdir(/home/andrey/.local/share/nvim/lazy/which-key.nvim/lua/which-key/)
chdir(/home/andrey/proglog-rs)
chdir(/home/andrey/proglog-rs)
chdir(/home/andrey/.local/share/nvim/lazy/which-key.nvim/lua/which-key/)
chdir(/home/andrey/proglog-rs)
chdir(/home/andrey/proglog-rs)
chdir(/home/andrey/.local/share/nvim/lazy/which-key.nvim/lua/which-key/)
chdir(/home/andrey/proglog-rs)
chdir(/home/andrey/proglog-rs)
chdir(/home/andrey/.local/share/nvim/lazy/which-key.nvim/lua/which-key/)
chdir(/home/andrey/proglog-rs)
chdir(/home/andrey/proglog-rs)
chdir(/home/andrey/.local/share/nvim/lazy/which-key.nvim/lua/which-key/)
chdir(/home/andrey/proglog-rs)
chdir(/home/andrey/proglog-rs)
chdir(/home/andrey/.local/share/nvim/lazy/which-key.nvim/lua/which-key/)
chdir(/home/andrey/proglog-rs)
chdir(/home/andrey/proglog-rs)
chdir(/home/andrey/.local/share/nvim/lazy/which-key.nvim/lua/which-key/)
chdir(/home/andrey/proglog-rs)
chdir(/home/andrey/proglog-rs)
chdir(/home/andrey/.local/share/nvim/lazy/which-key.nvim/lua/which-key/)
chdir(/home/andrey/proglog-rs)
chdir(/home/andrey/proglog-rs)
chdir(/home/andrey/.local/share/nvim/lazy/which-key.nvim/lua/which-key/)
chdir(/home/andrey/proglog-rs)
chdir(/home/andrey/proglog-rs)
chdir(/home/andrey/.local/share/nvim/lazy/which-key.nvim/lua/which-key/)
chdir(/home/andrey/proglog-rs)
chdir(/home/andrey/proglog-rs)
chdir(/home/andrey/.local/share/nvim/lazy/which-key.nvim/lua/which-key/)
chdir(/home/andrey/proglog-rs)
Executing User Autocommands for "LazyLoad"
autocommand <Lua 444: ~/.local/share/nvim/lazy/LazyVim/lua/lazyvim/util/init.lua:187>

chdir(/home/andrey/proglog-rs)
chdir(/home/andrey/.local/share/nvim/lazy/noice.nvim/lua/noice/config/)
chdir(/home/andrey/proglog-rs)
chdir(/home/andrey/proglog-rs)
chdir(/home/andrey/.local/share/nvim/lazy/noice.nvim/lua/noice/lsp/)
chdir(/home/andrey/proglog-rs)
chdir(/home/andrey/proglog-rs)
chdir(/home/andrey/.local/share/nvim/lazy/noice.nvim/lua/noice/)
chdir(/home/andrey/proglog-rs)
chdir(/home/andrey/proglog-rs)
chdir(/home/andrey/.local/share/nvim/lazy/noice.nvim/lua/noice/)
chdir(/home/andrey/proglog-rs)
chdir(/home/andrey/proglog-rs)
chdir(/home/andrey/.local/share/nvim/lazy/noice.nvim/lua/noice/)
chdir(/home/andrey/proglog-rs)
chdir(/home/andrey/proglog-rs)
chdir(/home/andrey/.local/share/nvim/lazy/noice.nvim/lua/noice/)
chdir(/home/andrey/proglog-rs)
chdir(/home/andrey/proglog-rs)
chdir(/home/andrey/.local/share/nvim/lazy/noice.nvim/lua/noice/)
chdir(/home/andrey/proglog-rs)
chdir(/home/andrey/proglog-rs)
chdir(/home/andrey/.local/share/nvim/lazy/noice.nvim/lua/noice/)
chdir(/home/andrey/proglog-rs)
chdir(/home/andrey/proglog-rs)
chdir(/home/andrey/.local/share/nvim/lazy/noice.nvim/lua/noice/)
chdir(/home/andrey/proglog-rs)
chdir(/home/andrey/proglog-rs)
chdir(/home/andrey/.local/share/nvim/lazy/noice.nvim/lua/noice/)
chdir(/home/andrey/proglog-rs)
chdir(/home/andrey/proglog-rs)
chdir(/home/andrey/.local/share/nvim/lazy/noice.nvim/lua/noice/)
chdir(/home/andrey/proglog-rs)
chdir(/home/andrey/proglog-rs)
chdir(/home/andrey/.local/share/nvim/lazy/noice.nvim/lua/noice/)
chdir(/home/andrey/proglog-rs)
chdir(/home/andrey/proglog-rs)
chdir(/home/andrey/.local/share/nvim/lazy/noice.nvim/lua/noice/)
chdir(/home/andrey/proglog-rs)
chdir(/home/andrey/proglog-rs)
chdir(/home/andrey/.local/share/nvim/lazy/noice.nvim/lua/noice/)
chdir(/home/andrey/proglog-rs)
chdir(/home/andrey/proglog-rs)
chdir(/home/andrey/.local/share/nvim/lazy/noice.nvim/lua/noice/)
chdir(/home/andrey/proglog-rs)
chdir(/home/andrey/proglog-rs)
chdir(/home/andrey/.local/share/nvim/lazy/noice.nvim/lua/noice/)
chdir(/home/andrey/proglog-rs)
chdir(/home/andrey/proglog-rs)
chdir(/home/andrey/.local/share/nvim/lazy/noice.nvim/lua/noice/)
chdir(/home/andrey/proglog-rs)
chdir(/home/andrey/proglog-rs)
chdir(/home/andrey/.local/share/nvim/lazy/noice.nvim/lua/noice/)
chdir(/home/andrey/proglog-rs)
chdir(/home/andrey/proglog-rs)
chdir(/home/andrey/.local/share/nvim/lazy/noice.nvim/lua/noice/)
chdir(/home/andrey/proglog-rs)
chdir(/home/andrey/proglog-rs)
chdir(/home/andrey/.local/share/nvim/lazy/noice.nvim/lua/noice/)
chdir(/home/andrey/proglog-rs)
chdir(/home/andrey/proglog-rs)
chdir(/home/andrey/.local/share/nvimlazy/lazy.nvim/lua/lazy/core/)
chdir(/home/andrey/proglog-rs)
chdir(/home/andrey/proglog-rs)
chdir(/home/andrey/.local/share/nvim/lazy/noice.nvim/lua/noice/util/)
chdir(/home/andrey/proglog-rs)
chdir(/home/andrey/proglog-rs)
chdir(/home/andrey/.local/share/nvim/lazy/noice.nvim/lua/noice/)
chdir(/home/andrey/proglog-rs)
chdir(/home/andrey/proglog-rs)
chdir(/home/andrey/.local/share/nvim/lazy/noice.nvim/lua/noice/message/)
chdir(/home/andrey/proglog-rs)
chdir(/home/andrey/proglog-rs)
chdir(/home/andrey/.local/share/nvim/lazy/noice.nvim/lua/noice/ui/)
chdir(/home/andrey/proglog-rs)
chdir(/home/andrey/proglog-rs)
chdir(/home/andrey/.local/share/nvim/lazy/which-key.nvim/lua/which-key/)
chdir(/home/andrey/proglog-rs)
chdir(/home/andrey/proglog-rs)
chdir(/home/andrey/.local/share/nvim/lazy/which-key.nvim/lua/which-key/)
chdir(/home/andrey/proglog-rs)
chdir(/home/andrey/proglog-rs)
chdir(/home/andrey/.local/share/nvim/lazy/which-key.nvim/lua/which-key/)
chdir(/home/andrey/proglog-rs)
chdir(/home/andrey/proglog-rs)
chdir(/home/andrey/.local/share/nvim/lazy/which-key.nvim/lua/which-key/)
chdir(/home/andrey/proglog-rs)
chdir(/home/andrey/proglog-rs)
chdir(/home/andrey/.local/share/nvim/lazy/which-key.nvim/lua/which-key/)
chdir(/home/andrey/proglog-rs)
chdir(/home/andrey/proglog-rs)
chdir(/home/andrey/.local/share/nvim/lazy/which-key.nvim/lua/which-key/)
chdir(/home/andrey/proglog-rs)
chdir(/home/andrey/proglog-rs)
chdir(/home/andrey/.local/share/nvim/lazy/which-key.nvim/lua/which-key/)
chdir(/home/andrey/proglog-rs)
chdir(/home/andrey/proglog-rs)
chdir(/home/andrey/.local/share/nvim/lazy/which-key.nvim/lua/which-key/)
chdir(/home/andrey/proglog-rs)
chdir(/home/andrey/proglog-rs)
chdir(/home/andrey/.local/share/nvim/lazy/which-key.nvim/lua/which-key/)
chdir(/home/andrey/proglog-rs)
chdir(/home/andrey/proglog-rs)
chdir(/home/andrey/.local/share/nvim/lazy/which-key.nvim/lua/which-key/)
chdir(/home/andrey/proglog-rs)
chdir(/home/andrey/proglog-rs)
chdir(/home/andrey/.local/share/nvim/lazy/which-key.nvim/lua/which-key/)
chdir(/home/andrey/proglog-rs)
chdir(/home/andrey/proglog-rs)
chdir(/home/andrey/.local/share/nvim/lazy/which-key.nvim/lua/which-key/)
chdir(/home/andrey/proglog-rs)
chdir(/home/andrey/proglog-rs)
chdir(/home/andrey/.local/share/nvim/lazy/which-key.nvim/lua/which-key/)
chdir(/home/andrey/proglog-rs)
chdir(/home/andrey/proglog-rs)
chdir(/home/andrey/.local/share/nvim/lazy/which-key.nvim/lua/which-key/)
chdir(/home/andrey/proglog-rs)
chdir(/home/andrey/proglog-rs)
chdir(/home/andrey/.local/share/nvim/lazy/which-key.nvim/lua/which-key/)
chdir(/home/andrey/proglog-rs)
chdir(/home/andrey/proglog-rs)
chdir(/home/andrey/.local/share/nvim/lazy/which-key.nvim/lua/which-key/)
chdir(/home/andrey/proglog-rs)
chdir(/home/andrey/proglog-rs)
chdir(/home/andrey/.local/share/nvim/lazy/which-key.nvim/lua/which-key/)
chdir(/home/andrey/proglog-rs)
chdir(/home/andrey/proglog-rs)
chdir(/home/andrey/.local/share/nvim/lazy/which-key.nvim/lua/which-key/)
chdir(/home/andrey/proglog-rs)
chdir(/home/andrey/proglog-rs)
chdir(/home/andrey/.local/share/nvim/lazy/which-key.nvim/lua/which-key/)
chdir(/home/andrey/proglog-rs)
chdir(/home/andrey/proglog-rs)
chdir(/home/andrey/.local/share/nvim/lazy/snacks.nvim/lua/snacks/)
chdir(/home/andrey/proglog-rs)
chdir(/home/andrey/proglog-rs)
chdir(/home/andrey/.local/share/nvim/lazy/snacks.nvim/lua/snacks/)
chdir(/home/andrey/proglog-rs)
chdir(/home/andrey/proglog-rs)
chdir(/home/andrey/.local/share/nvim/lazy/snacks.nvim/lua/snacks/)
chdir(/home/andrey/proglog-rs)
chdir(/home/andrey/proglog-rs)
chdir(/home/andrey/.local/share/nvim/lazy/noice.nvim/lua/noice/view/backend/)
chdir(/home/andrey/proglog-rs)
chdir(/home/andrey/proglog-rs)
chdir(/home/andrey/.local/share/nvim/lazy/noice.nvim/lua/noice/view/backend/)
chdir(/home/andrey/proglog-rs)
chdir(/home/andrey/proglog-rs)
chdir(/home/andrey/.local/share/nvim/lazy/noice.nvim/lua/noice/util/)
chdir(/home/andrey/proglog-rs)
chdir(/home/andrey/proglog-rs)
chdir(/home/andrey/.local/share/nvim/lazy/noice.nvim/lua/noice/util/)
chdir(/home/andrey/proglog-rs)
chdir(/home/andrey/proglog-rs)
chdir(/home/andrey/.local/share/nvim/lazy/noice.nvim/lua/noice/util/)
chdir(/home/andrey/proglog-rs)
chdir(/home/andrey/proglog-rs)
chdir(/home/andrey/.local/share/nvim/lazy/snacks.nvim/lua/snacks/)
chdir(/home/andrey/proglog-rs)
chdir(/home/andrey/proglog-rs)
chdir(/home/andrey/.local/share/nvim/lazy/snacks.nvim/lua/snacks/util/)
chdir(/home/andrey/proglog-rs)
not found in runtime path: "parser/snacks_notif.*"
chdir(/home/andrey/proglog-rs)
chdir(/home/andrey/.local/share/nvim/lazy/snacks.nvim/lua/snacks/util/)
chdir(/home/andrey/proglog-rs)
chdir(/home/andrey/proglog-rs)
chdir(/home/andrey/.local/share/nvim/lazy/snacks.nvim/lua/snacks/util/)
chdir(/home/andrey/proglog-rs)
chdir(/home/andrey/proglog-rs)
chdir(/home/andrey/.local/share/nvim/lazy/snacks.nvim/lua/snacks/util/)
chdir(/home/andrey/proglog-rs)
chdir(/home/andrey/proglog-rs)
chdir(/home/andrey/.local/share/nvim/lazy/snacks.nvim/lua/snacks/util/)
chdir(/home/andrey/proglog-rs)
chdir(/home/andrey/proglog-rs)
chdir(/home/andrey/.local/share/nvim/lazy/snacks.nvim/lua/snacks/util/)
chdir(/home/andrey/proglog-rs)
chdir(/home/andrey/proglog-rs)
chdir(/home/andrey/.local/share/nvim/lazy/snacks.nvim/lua/snacks/util/)
chdir(/home/andrey/proglog-rs)
chdir(/home/andrey/proglog-rs)
chdir(/home/andrey/.local/share/nvim/lazy/snacks.nvim/lua/snacks/util/)
chdir(/home/andrey/proglog-rs)
chdir(/home/andrey/proglog-rs)
chdir(/home/andrey/.local/share/nvim/lazy/snacks.nvim/lua/snacks/util/)
chdir(/home/andrey/proglog-rs)
chdir(/home/andrey/proglog-rs)
chdir(/home/andrey/.local/share/nvim/lazy/snacks.nvim/lua/snacks/util/)
chdir(/home/andrey/proglog-rs)
chdir(/home/andrey/proglog-rs)
chdir(/home/andrey/.local/share/nvim/lazy/snacks.nvim/lua/snacks/util/)
chdir(/home/andrey/proglog-rs)
chdir(/home/andrey/proglog-rs)
chdir(/home/andrey/.local/share/nvim/lazy/snacks.nvim/lua/snacks/util/)
chdir(/home/andrey/proglog-rs)
chdir(/home/andrey/proglog-rs)
chdir(/home/andrey/.local/share/nvim/lazy/snacks.nvim/lua/snacks/util/)
chdir(/home/andrey/proglog-rs)
chdir(/home/andrey/proglog-rs)
chdir(/home/andrey/.local/share/nvim/lazy/snacks.nvim/lua/snacks/util/)
chdir(/home/andrey/proglog-rs)
chdir(/home/andrey/proglog-rs)
chdir(/home/andrey/.local/share/nvim/lazy/snacks.nvim/lua/snacks/util/)
chdir(/home/andrey/proglog-rs)
chdir(/home/andrey/proglog-rs)
chdir(/home/andrey/.local/share/nvim/lazy/snacks.nvim/lua/snacks/util/)
chdir(/home/andrey/proglog-rs)
chdir(/home/andrey/proglog-rs)
chdir(/home/andrey/.local/share/nvim/lazy/snacks.nvim/lua/snacks/util/)
chdir(/home/andrey/proglog-rs)
chdir(/home/andrey/proglog-rs)
chdir(/home/andrey/.local/share/nvim/lazy/snacks.nvim/lua/snacks/util/)
chdir(/home/andrey/proglog-rs)
chdir(/home/andrey/proglog-rs)
chdir(/home/andrey/.local/share/nvim/lazy/snacks.nvim/lua/snacks/util/)
chdir(/home/andrey/proglog-rs)
chdir(/home/andrey/proglog-rs)
chdir(/home/andrey/.local/share/nvim/lazy/snacks.nvim/lua/snacks/util/)
chdir(/home/andrey/proglog-rs)
chdir(/home/andrey/proglog-rs)
chdir(/usr/local/share/nvim/runtime/lua/vim/treesitter/)
chdir(/home/andrey/proglog-rs)
chdir(/home/andrey/proglog-rs)
chdir(/usr/local/share/nvim/runtime/lua/vim/treesitter/)
chdir(/home/andrey/proglog-rs)
chdir(/home/andrey/proglog-rs)
chdir(/home/andrey/.local/share/nvim/lazy/snacks.nvim/lua/snacks/)
chdir(/home/andrey/proglog-rs)
chdir(/home/andrey/proglog-rs)
chdir(/home/andrey/.local/share/nvim/lazy/snacks.nvim/lua/snacks/)
chdir(/home/andrey/proglog-rs)
chdir(/home/andrey/proglog-rs)
chdir(/home/andrey/.local/share/nvim/lazy/snacks.nvim/lua/snacks/)
chdir(/home/andrey/proglog-rs)
chdir(/home/andrey/proglog-rs)
chdir(/home/andrey/.local/share/nvim/lazy/snacks.nvim/lua/snacks/)
chdir(/home/andrey/proglog-rs)
chdir(/home/andrey/proglog-rs)
chdir(/home/andrey/.local/share/nvimlazy/lazy.nvim/lua/lazy/core/handler/)
chdir(/home/andrey/proglog-rs)
chdir(/home/andrey/proglog-rs)
chdir(/home/andrey/.local/share/nvimlazy/lazy.nvim/lua/lazy/core/handler/)
chdir(/home/andrey/proglog-rs)
chdir(/home/andrey/proglog-rs)
chdir(/home/andrey/.local/share/nvimlazy/lazy.nvim/lua/lazy/core/handler/)
chdir(/home/andrey/proglog-rs)
chdir(/home/andrey/proglog-rs)
chdir(/home/andrey/.local/share/nvimlazy/lazy.nvim/lua/lazy/core/handler/)
chdir(/home/andrey/proglog-rs)
chdir(/home/andrey/proglog-rs)
chdir(/home/andrey/.local/share/nvimlazy/lazy.nvim/lua/lazy/core/handler/)
chdir(/home/andrey/proglog-rs)
chdir(/home/andrey/proglog-rs)
chdir(/home/andrey/.local/share/nvimlazy/lazy.nvim/lua/lazy/core/handler/)
chdir(/home/andrey/proglog-rs)
chdir(/home/andrey/proglog-rs)
chdir(/home/andrey/.local/share/nvimlazy/lazy.nvim/lua/lazy/core/handler/)
chdir(/home/andrey/proglog-rs)
chdir(/home/andrey/proglog-rs)
chdir(/home/andrey/.local/share/nvimlazy/lazy.nvim/lua/lazy/core/handler/)
chdir(/home/andrey/proglog-rs)
chdir(/home/andrey/proglog-rs)
chdir(/home/andrey/.local/share/nvimlazy/lazy.nvim/lua/lazy/core/handler/)
chdir(/home/andrey/proglog-rs)
chdir(/home/andrey/proglog-rs)
chdir(/home/andrey/.local/share/nvimlazy/lazy.nvim/lua/lazy/core/handler/)
chdir(/home/andrey/proglog-rs)
chdir(/home/andrey/proglog-rs)
chdir(/home/andrey/.local/share/nvimlazy/lazy.nvim/lua/lazy/core/handler/)
chdir(/home/andrey/proglog-rs)
chdir(/home/andrey/proglog-rs)
chdir(/home/andrey/.local/share/nvimlazy/lazy.nvim/lua/lazy/core/handler/)
chdir(/home/andrey/proglog-rs)
chdir(/home/andrey/proglog-rs)
chdir(/home/andrey/.local/share/nvimlazy/lazy.nvim/lua/lazy/core/handler/)
chdir(/home/andrey/proglog-rs)
chdir(/home/andrey/proglog-rs)
chdir(/home/andrey/.local/share/nvimlazy/lazy.nvim/lua/lazy/core/handler/)
chdir(/home/andrey/proglog-rs)
chdir(/home/andrey/proglog-rs)
chdir(/home/andrey/.local/share/nvimlazy/lazy.nvim/lua/lazy/core/handler/)
chdir(/home/andrey/proglog-rs)
chdir(/home/andrey/proglog-rs)
chdir(/home/andrey/.local/share/nvimlazy/lazy.nvim/lua/lazy/core/handler/)
chdir(/home/andrey/proglog-rs)
chdir(/home/andrey/proglog-rs)
chdir(/home/andrey/.local/share/nvimlazy/lazy.nvim/lua/lazy/core/handler/)
chdir(/home/andrey/proglog-rs)
chdir(/home/andrey/proglog-rs)
chdir(/home/andrey/.local/share/nvimlazy/lazy.nvim/lua/lazy/core/handler/)
chdir(/home/andrey/proglog-rs)
chdir(/home/andrey/proglog-rs)
chdir(/home/andrey/.local/share/nvimlazy/lazy.nvim/lua/lazy/core/handler/)
chdir(/home/andrey/proglog-rs)
chdir(/home/andrey/proglog-rs)
chdir(/home/andrey/.local/share/nvimlazy/lazy.nvim/lua/lazy/core/handler/)
chdir(/home/andrey/proglog-rs)
chdir(/home/andrey/proglog-rs)
chdir(/home/andrey/.local/share/nvimlazy/lazy.nvim/lua/lazy/core/handler/)
chdir(/home/andrey/proglog-rs)
chdir(/home/andrey/proglog-rs)
chdir(/home/andrey/.local/share/nvimlazy/lazy.nvim/lua/lazy/core/handler/)
chdir(/home/andrey/proglog-rs)
chdir(/home/andrey/proglog-rs)
chdir(/home/andrey/.local/share/nvimlazy/lazy.nvim/lua/lazy/core/handler/)
chdir(/home/andrey/proglog-rs)
chdir(/home/andrey/proglog-rs)
chdir(/home/andrey/.local/share/nvimlazy/lazy.nvim/lua/lazy/core/handler/)
chdir(/home/andrey/proglog-rs)
chdir(/home/andrey/proglog-rs)
chdir(/home/andrey/.local/share/nvimlazy/lazy.nvim/lua/lazy/core/handler/)
chdir(/home/andrey/proglog-rs)
chdir(/home/andrey/proglog-rs)
chdir(/home/andrey/.local/share/nvimlazy/lazy.nvim/lua/lazy/core/handler/)
chdir(/home/andrey/proglog-rs)
chdir(/home/andrey/proglog-rs)
chdir(/home/andrey/.local/share/nvimlazy/lazy.nvim/lua/lazy/core/handler/)
chdir(/home/andrey/proglog-rs)
chdir(/home/andrey/proglog-rs)
chdir(/home/andrey/.local/share/nvimlazy/lazy.nvim/lua/lazy/core/handler/)
chdir(/home/andrey/proglog-rs)
chdir(/home/andrey/proglog-rs)
chdir(/home/andrey/.local/share/nvimlazy/lazy.nvim/lua/lazy/core/handler/)
chdir(/home/andrey/proglog-rs)
chdir(/home/andrey/proglog-rs)
chdir(/home/andrey/.local/share/nvimlazy/lazy.nvim/lua/lazy/core/handler/)
chdir(/home/andrey/proglog-rs)
chdir(/home/andrey/proglog-rs)
chdir(/home/andrey/.local/share/nvimlazy/lazy.nvim/lua/lazy/core/handler/)
chdir(/home/andrey/proglog-rs)
chdir(/home/andrey/proglog-rs)
chdir(/home/andrey/.local/share/nvimlazy/lazy.nvim/lua/lazy/core/handler/)
chdir(/home/andrey/proglog-rs)
chdir(/home/andrey/proglog-rs)
chdir(/home/andrey/.local/share/nvimlazy/lazy.nvim/lua/lazy/core/handler/)
chdir(/home/andrey/proglog-rs)
chdir(/home/andrey/proglog-rs)
chdir(/home/andrey/.local/share/nvimlazy/lazy.nvim/lua/lazy/core/handler/)
chdir(/home/andrey/proglog-rs)
chdir(/home/andrey/proglog-rs)
chdir(/home/andrey/.local/share/nvimlazy/lazy.nvim/lua/lazy/core/handler/)
chdir(/home/andrey/proglog-rs)
chdir(/home/andrey/proglog-rs)
chdir(/home/andrey/.local/share/nvimlazy/lazy.nvim/lua/lazy/core/handler/)
chdir(/home/andrey/proglog-rs)
chdir(/home/andrey/proglog-rs)
chdir(/home/andrey/.local/share/nvimlazy/lazy.nvim/lua/lazy/core/handler/)
chdir(/home/andrey/proglog-rs)
chdir(/home/andrey/proglog-rs)
chdir(/home/andrey/.local/share/nvimlazy/lazy.nvim/lua/lazy/core/handler/)
chdir(/home/andrey/proglog-rs)
chdir(/home/andrey/proglog-rs)
chdir(/home/andrey/.local/share/nvimlazy/lazy.nvim/lua/lazy/core/)
chdir(/home/andrey/proglog-rs)
chdir(/home/andrey/proglog-rs)
chdir(/home/andrey/.local/share/nvim/lazy/fzf-lua/plugin/)
chdir(/home/andrey/proglog-rs)
line 0: sourcing "/home/andrey/.local/share/nvim/lazy/fzf-lua/plugin/fzf-lua.lua"
chdir(/home/andrey/proglog-rs)
chdir(/home/andrey/.local/share/nvim/lazy/fzf-lua/plugin/)
chdir(/home/andrey/proglog-rs)
finished sourcing /home/andrey/.local/share/nvim/lazy/fzf-lua/plugin/fzf-lua.lua
continuing in nvim_exec2()
chdir(/home/andrey/proglog-rs)
chdir(/home/andrey/.local/share/nvim/lazy/fzf-lua/autoload/)
chdir(/home/andrey/proglog-rs)
line 0: sourcing "/home/andrey/.local/share/nvim/lazy/fzf-lua/autoload/fzf_lua.vim"
finished sourcing /home/andrey/.local/share/nvim/lazy/fzf-lua/autoload/fzf_lua.vim
continuing in nvim_exec2()
chdir(/home/andrey/proglog-rs)
chdir(/home/andrey/.local/share/nvim/lazy/fzf-lua/lua/fzf-lua/)
chdir(/home/andrey/proglog-rs)
Executing command: "'/usr/bin/fzf' '--version'"


chdir(/home/andrey/proglog-rs)
chdir(/home/andrey/.local/share/nvim/lazy/fzf-lua/lua/fzf-lua/)
chdir(/home/andrey/proglog-rs)
chdir(/home/andrey/proglog-rs)
chdir(/home/andrey/.local/share/nvim/lazy/fzf-lua/lua/fzf-lua/)
chdir(/home/andrey/proglog-rs)
chdir(/home/andrey/proglog-rs)
chdir(/home/andrey/.local/share/nvim/lazy/fzf-lua/lua/fzf-lua/)
chdir(/home/andrey/proglog-rs)
chdir(/home/andrey/proglog-rs)
chdir(/home/andrey/.local/share/nvim/lazy/fzf-lua/lua/fzf-lua/)
chdir(/home/andrey/proglog-rs)
chdir(/home/andrey/proglog-rs)
chdir(/home/andrey/.local/share/nvim/lazy/fzf-lua/lua/fzf-lua/)
chdir(/home/andrey/proglog-rs)
chdir(/home/andrey/proglog-rs)
chdir(/home/andrey/.local/share/nvim/lazy/fzf-lua/lua/fzf-lua/)
chdir(/home/andrey/proglog-rs)
chdir(/home/andrey/proglog-rs)
chdir(/home/andrey/.local/share/nvim/lazy/fzf-lua/lua/fzf-lua/)
chdir(/home/andrey/proglog-rs)
chdir(/home/andrey/proglog-rs)
chdir(/home/andrey/.local/share/nvim/lazy/fzf-lua/lua/fzf-lua/)
chdir(/home/andrey/proglog-rs)
chdir(/home/andrey/proglog-rs)
chdir(/home/andrey/.local/share/nvim/lazy/fzf-lua/lua/fzf-lua/)
chdir(/home/andrey/proglog-rs)
chdir(/home/andrey/proglog-rs)
chdir(/home/andrey/.local/share/nvim/lazy/fzf-lua/lua/fzf-lua/)
chdir(/home/andrey/proglog-rs)
chdir(/home/andrey/proglog-rs)
chdir(/home/andrey/.local/share/nvim/lazy/fzf-lua/lua/fzf-lua/)
chdir(/home/andrey/proglog-rs)
chdir(/home/andrey/proglog-rs)
chdir(/home/andrey/.local/share/nvim/lazy/fzf-lua/lua/fzf-lua/)
chdir(/home/andrey/proglog-rs)
chdir(/home/andrey/proglog-rs)
chdir(/home/andrey/.local/share/nvim/lazy/fzf-lua/lua/fzf-lua/)
chdir(/home/andrey/proglog-rs)
chdir(/home/andrey/proglog-rs)
chdir(/home/andrey/.local/share/nvim/lazy/fzf-lua/lua/fzf-lua/)
chdir(/home/andrey/proglog-rs)
chdir(/home/andrey/proglog-rs)
chdir(/home/andrey/.local/share/nvim/lazy/fzf-lua/lua/fzf-lua/)
chdir(/home/andrey/proglog-rs)
chdir(/home/andrey/proglog-rs)
chdir(/home/andrey/.local/share/nvim/lazy/fzf-lua/lua/fzf-lua/)
chdir(/home/andrey/proglog-rs)
chdir(/home/andrey/proglog-rs)
chdir(/home/andrey/.local/share/nvim/lazy/fzf-lua/lua/fzf-lua/)
chdir(/home/andrey/proglog-rs)
chdir(/home/andrey/proglog-rs)
chdir(/home/andrey/.local/share/nvim/lazy/fzf-lua/lua/fzf-lua/)
chdir(/home/andrey/proglog-rs)
chdir(/home/andrey/proglog-rs)
chdir(/home/andrey/.local/share/nvim/lazy/fzf-lua/lua/fzf-lua/)
chdir(/home/andrey/proglog-rs)
chdir(/home/andrey/proglog-rs)
chdir(/home/andrey/.local/share/nvim/lazy/fzf-lua/lua/fzf-lua/)
chdir(/home/andrey/proglog-rs)
chdir(/home/andrey/proglog-rs)
chdir(/home/andrey/.local/share/nvim/lazy/fzf-lua/lua/fzf-lua/)
chdir(/home/andrey/proglog-rs)
chdir(/home/andrey/proglog-rs)
chdir(/home/andrey/.local/share/nvim/lazy/fzf-lua/lua/fzf-lua/)
chdir(/home/andrey/proglog-rs)
chdir(/home/andrey/proglog-rs)
chdir(/home/andrey/.local/share/nvim/lazy/fzf-lua/lua/fzf-lua/)
chdir(/home/andrey/proglog-rs)
chdir(/home/andrey/proglog-rs)
chdir(/home/andrey/.local/share/nvim/lazy/fzf-lua/lua/fzf-lua/)
chdir(/home/andrey/proglog-rs)
chdir(/home/andrey/proglog-rs)
chdir(/home/andrey/.local/share/nvim/lazy/fzf-lua/lua/fzf-lua/)
chdir(/home/andrey/proglog-rs)
chdir(/home/andrey/proglog-rs)
chdir(/home/andrey/.local/share/nvim/lazy/fzf-lua/lua/fzf-lua/)
chdir(/home/andrey/proglog-rs)
chdir(/home/andrey/proglog-rs)
chdir(/home/andrey/.local/share/nvim/lazy/fzf-lua/lua/fzf-lua/)
chdir(/home/andrey/proglog-rs)
chdir(/home/andrey/proglog-rs)
chdir(/home/andrey/.local/share/nvim/lazy/fzf-lua/lua/fzf-lua/)
chdir(/home/andrey/proglog-rs)
chdir(/home/andrey/proglog-rs)
chdir(/home/andrey/.local/share/nvim/lazy/fzf-lua/lua/fzf-lua/)
chdir(/home/andrey/proglog-rs)
chdir(/home/andrey/proglog-rs)
chdir(/home/andrey/.local/share/nvim/lazy/fzf-lua/lua/fzf-lua/)
chdir(/home/andrey/proglog-rs)
chdir(/home/andrey/proglog-rs)
chdir(/home/andrey/.local/share/nvim/lazy/fzf-lua/lua/fzf-lua/)
chdir(/home/andrey/proglog-rs)
chdir(/home/andrey/proglog-rs)
chdir(/home/andrey/.local/share/nvim/lazy/fzf-lua/lua/fzf-lua/)
chdir(/home/andrey/proglog-rs)
chdir(/home/andrey/proglog-rs)
chdir(/home/andrey/.local/share/nvim/lazy/fzf-lua/lua/fzf-lua/)
chdir(/home/andrey/proglog-rs)
chdir(/home/andrey/proglog-rs)
chdir(/home/andrey/.local/share/nvim/lazy/which-key.nvim/lua/which-key/)
chdir(/home/andrey/proglog-rs)
chdir(/home/andrey/proglog-rs)
chdir(/home/andrey/.local/share/nvim/lazy/which-key.nvim/lua/which-key/)
chdir(/home/andrey/proglog-rs)
chdir(/home/andrey/proglog-rs)
chdir(/home/andrey/.local/share/nvim/lazy/which-key.nvim/lua/which-key/)
chdir(/home/andrey/proglog-rs)
chdir(/home/andrey/proglog-rs)
chdir(/home/andrey/.local/share/nvim/lazy/which-key.nvim/lua/which-key/)
chdir(/home/andrey/proglog-rs)
chdir(/home/andrey/proglog-rs)
chdir(/home/andrey/.local/share/nvim/lazy/which-key.nvim/lua/which-key/)
chdir(/home/andrey/proglog-rs)
chdir(/home/andrey/proglog-rs)
chdir(/home/andrey/.local/share/nvim/lazy/which-key.nvim/lua/which-key/)
chdir(/home/andrey/proglog-rs)
chdir(/home/andrey/proglog-rs)
chdir(/home/andrey/.local/share/nvim/lazy/which-key.nvim/lua/which-key/)
chdir(/home/andrey/proglog-rs)
chdir(/home/andrey/proglog-rs)
chdir(/home/andrey/.local/share/nvim/lazy/which-key.nvim/lua/which-key/)
chdir(/home/andrey/proglog-rs)
chdir(/home/andrey/proglog-rs)
chdir(/home/andrey/.local/share/nvim/lazy/which-key.nvim/lua/which-key/)
chdir(/home/andrey/proglog-rs)
chdir(/home/andrey/proglog-rs)
chdir(/home/andrey/.local/share/nvim/lazy/which-key.nvim/lua/which-key/)
chdir(/home/andrey/proglog-rs)
chdir(/home/andrey/proglog-rs)
chdir(/home/andrey/.local/share/nvim/lazy/which-key.nvim/lua/which-key/)
chdir(/home/andrey/proglog-rs)
chdir(/home/andrey/proglog-rs)
chdir(/home/andrey/.local/share/nvim/lazy/which-key.nvim/lua/which-key/)
chdir(/home/andrey/proglog-rs)
chdir(/home/andrey/proglog-rs)
chdir(/home/andrey/.local/share/nvim/lazy/which-key.nvim/lua/which-key/)
chdir(/home/andrey/proglog-rs)
chdir(/home/andrey/proglog-rs)
chdir(/home/andrey/.local/share/nvim/lazy/which-key.nvim/lua/which-key/)
chdir(/home/andrey/proglog-rs)
chdir(/home/andrey/proglog-rs)
chdir(/home/andrey/.local/share/nvim/lazy/which-key.nvim/lua/which-key/)
chdir(/home/andrey/proglog-rs)
chdir(/home/andrey/proglog-rs)
chdir(/home/andrey/.local/share/nvim/lazy/fzf-lua/lua/fzf-lua/previewer/)
chdir(/home/andrey/proglog-rs)
chdir(/home/andrey/proglog-rs)
chdir(/home/andrey/.local/share/nvim/lazy/fzf-lua/lua/fzf-lua/previewer/)
chdir(/home/andrey/proglog-rs)
chdir(/home/andrey/proglog-rs)
chdir(/home/andrey/.local/share/nvim/lazy/fzf-lua/lua/fzf-lua/previewer/)
chdir(/home/andrey/proglog-rs)
Executing command: "'/usr/bin/perl' '-E' 'exit((-B $ARGV[0])?0:1);' '/home/andrey/proglog-rs/Cargo.lock'"


chdir(/home/andrey/proglog-rs)
chdir(/home/andrey/.local/share/nvim/lazy/fzf-lua/lua/fzf-lua/)
chdir(/home/andrey/proglog-rs)
chdir(/home/andrey/proglog-rs)
chdir(/home/andrey/.local/share/nvim/lazy/fzf-lua/lua/fzf-lua/)
chdir(/home/andrey/proglog-rs)
chdir(/home/andrey/proglog-rs)
chdir(/home/andrey/.local/share/nvim/lazy/fzf-lua/lua/fzf-lua/previewer/)
chdir(/home/andrey/proglog-rs)
chdir(/home/andrey/proglog-rs)
chdir(/home/andrey/.local/share/nvim/lazy/fzf-lua/lua/fzf-lua/)
chdir(/home/andrey/proglog-rs)
chdir(/home/andrey/proglog-rs)
chdir(/home/andrey/.local/share/nvim/lazy/fzf-lua/lua/fzf-lua/)
chdir(/home/andrey/proglog-rs)
chdir(/home/andrey/proglog-rs)
chdir(/home/andrey/.local/share/nvim/lazy/fzf-lua/lua/fzf-lua/)
chdir(/home/andrey/proglog-rs)
chdir(/home/andrey/proglog-rs)
chdir(/home/andrey/.local/share/nvim/lazy/fzf-lua/lua/fzf-lua/)
chdir(/home/andrey/proglog-rs)
chdir(/home/andrey/proglog-rs)
chdir(/home/andrey/.local/share/nvim/lazy/fzf-lua/lua/fzf-lua/)
chdir(/home/andrey/proglog-rs)
chdir(/home/andrey/proglog-rs)
chdir(/home/andrey/.local/share/nvim/lazy/fzf-lua/lua/fzf-lua/)
chdir(/home/andrey/proglog-rs)
not found in runtime path: "parser/comment.*"
chdir(/home/andrey/proglog-rs)
chdir(/usr/local/share/nvim/runtime/lua/vim/treesitter/)
chdir(/home/andrey/proglog-rs)
chdir(/home/andrey/proglog-rs)
chdir(/usr/local/share/nvim/runtime/lua/vim/treesitter/)
chdir(/home/andrey/proglog-rs)
chdir(/home/andrey/proglog-rs)
chdir(/home/andrey/.local/share/nvim/lazy/snacks.nvim/lua/snacks/image/)
chdir(/home/andrey/proglog-rs)
Executing command: "'/usr/bin/tmux' 'set' '-p' 'allow-passthrough' 'all'"


chdir(/home/andrey/proglog-rs)
chdir(/home/andrey/.local/share/nvim/lazy/fzf-lua/lua/fzf-lua/)
chdir(/home/andrey/proglog-rs)
chdir(/home/andrey/proglog-rs)
chdir(/home/andrey/.local/share/nvim/lazy/fzf-lua/lua/fzf-lua/)
chdir(/home/andrey/proglog-rs)
chdir(/home/andrey/proglog-rs)
chdir(/home/andrey/.local/share/nvim/lazy/fzf-lua/lua/fzf-lua/)
chdir(/home/andrey/proglog-rs)
chdir(/home/andrey/proglog-rs)
chdir(/home/andrey/.local/share/nvim/lazy/fzf-lua/lua/fzf-lua/)
chdir(/home/andrey/proglog-rs)
chdir(/home/andrey/proglog-rs)
chdir(/home/andrey/.local/share/nvim/lazy/fzf-lua/lua/fzf-lua/)
chdir(/home/andrey/proglog-rs)
chdir(/home/andrey/proglog-rs)
chdir(/home/andrey/.local/share/nvim/lazy/fzf-lua/lua/fzf-lua/previewer/)
chdir(/home/andrey/proglog-rs)
chdir(/home/andrey/proglog-rs)
chdir(/home/andrey/.local/share/nvim/lazy/fzf-lua/lua/fzf-lua/previewer/)
chdir(/home/andrey/proglog-rs)
chdir(/home/andrey/proglog-rs)
chdir(/home/andrey/.local/share/nvim/lazy/fzf-lua/lua/fzf-lua/previewer/)
chdir(/home/andrey/proglog-rs)
chdir(/home/andrey/proglog-rs)
chdir(/home/andrey/.local/share/nvim/lazy/fzf-lua/lua/fzf-lua/previewer/)
chdir(/home/andrey/proglog-rs)
Executing command: "'/usr/bin/perl' '-E' 'exit((-B $ARGV[0])?0:1);' '/home/andrey/proglog-rs/Makefile'"


chdir(/home/andrey/proglog-rs)
chdir(/home/andrey/.local/share/nvim/lazy/fzf-lua/lua/fzf-lua/)
chdir(/home/andrey/proglog-rs)
chdir(/home/andrey/proglog-rs)
chdir(/home/andrey/.local/share/nvim/lazy/fzf-lua/lua/fzf-lua/)
chdir(/home/andrey/proglog-rs)
chdir(/home/andrey/proglog-rs)
chdir(/home/andrey/.local/share/nvim/lazy/fzf-lua/lua/fzf-lua/)
chdir(/home/andrey/proglog-rs)
chdir(/home/andrey/proglog-rs)
chdir(/home/andrey/.local/share/nvim/lazy/fzf-lua/lua/fzf-lua/previewer/)
chdir(/home/andrey/proglog-rs)
chdir(/home/andrey/proglog-rs)
chdir(/home/andrey/.local/share/nvim/lazy/fzf-lua/lua/fzf-lua/)
chdir(/home/andrey/proglog-rs)
chdir(/home/andrey/proglog-rs)
chdir(/home/andrey/.local/share/nvim/lazy/fzf-lua/lua/fzf-lua/)
chdir(/home/andrey/proglog-rs)
chdir(/home/andrey/proglog-rs)
chdir(/home/andrey/.local/share/nvim/lazy/fzf-lua/lua/fzf-lua/)
chdir(/home/andrey/proglog-rs)
chdir(/home/andrey/proglog-rs)
chdir(/home/andrey/.local/share/nvim/lazy/fzf-lua/lua/fzf-lua/)
chdir(/home/andrey/proglog-rs)
not found in runtime path: "parser/make.*"
chdir(/home/andrey/proglog-rs)
chdir(/home/andrey/.local/share/nvim/lazy/fzf-lua/lua/fzf-lua/previewer/)
chdir(/home/andrey/proglog-rs)
chdir(/home/andrey/proglog-rs)
chdir(/home/andrey/.local/share/nvim/lazy/fzf-lua/lua/fzf-lua/)
chdir(/home/andrey/proglog-rs)
chdir(/home/andrey/proglog-rs)
chdir(/home/andrey/.local/share/nvim/lazy/fzf-lua/lua/fzf-lua/)
chdir(/home/andrey/proglog-rs)
chdir(/home/andrey/proglog-rs)
chdir(/home/andrey/.local/share/nvim/lazy/fzf-lua/lua/fzf-lua/previewer/)
chdir(/home/andrey/proglog-rs)
chdir(/home/andrey/proglog-rs)
chdir(/home/andrey/.local/share/nvim/lazy/fzf-lua/lua/fzf-lua/)
chdir(/home/andrey/proglog-rs)
chdir(/home/andrey/proglog-rs)
chdir(/home/andrey/.local/share/nvim/lazy/fzf-lua/lua/fzf-lua/)
chdir(/home/andrey/proglog-rs)
chdir(/home/andrey/proglog-rs)
chdir(/home/andrey/.local/share/nvim/lazy/fzf-lua/lua/fzf-lua/)
chdir(/home/andrey/proglog-rs)
chdir(/home/andrey/proglog-rs)
chdir(vim/)
chdir(/home/andrey/proglog-rs)
chdir(/home/andrey/proglog-rs)
chdir(vim/)
chdir(/home/andrey/proglog-rs)
chdir(/home/andrey/proglog-rs)
chdir(vim/)
chdir(/home/andrey/proglog-rs)
chdir(/home/andrey/proglog-rs)
chdir(/home/andrey/.local/share/nvim/lazy/lualine.nvim/lua/lualine/utils/)
chdir(/home/andrey/proglog-rs)
chdir(/home/andrey/proglog-rs)
chdir(/home/andrey/.local/share/nvim/lazy/fzf-lua/lua/fzf-lua/previewer/)
chdir(/home/andrey/proglog-rs)
chdir(/home/andrey/proglog-rs)
chdir(/home/andrey/.local/share/nvim/lazy/fzf-lua/lua/fzf-lua/previewer/)
chdir(/home/andrey/proglog-rs)
chdir(/home/andrey/proglog-rs)
chdir(/home/andrey/.local/share/nvim/lazy/fzf-lua/lua/fzf-lua/previewer/)
chdir(/home/andrey/proglog-rs)
Executing command: "'/usr/bin/perl' '-E' 'exit((-B $ARGV[0])?0:1);' '/home/andrey/proglog-rs/src/main.rs'"


chdir(/home/andrey/proglog-rs)
chdir(/home/andrey/.local/share/nvim/lazy/fzf-lua/lua/fzf-lua/)
chdir(/home/andrey/proglog-rs)
chdir(/home/andrey/proglog-rs)
chdir(/home/andrey/.local/share/nvim/lazy/fzf-lua/lua/fzf-lua/)
chdir(/home/andrey/proglog-rs)
chdir(/home/andrey/proglog-rs)
chdir(/home/andrey/.local/share/nvim/lazy/fzf-lua/lua/fzf-lua/previewer/)
chdir(/home/andrey/proglog-rs)
chdir(/home/andrey/proglog-rs)
chdir(/home/andrey/.local/share/nvim/lazy/fzf-lua/lua/fzf-lua/)
chdir(/home/andrey/proglog-rs)
chdir(/home/andrey/proglog-rs)
chdir(/home/andrey/.local/share/nvim/lazy/fzf-lua/lua/fzf-lua/)
chdir(/home/andrey/proglog-rs)
chdir(/home/andrey/proglog-rs)
chdir(/home/andrey/.local/share/nvim/lazy/fzf-lua/lua/fzf-lua/)
chdir(/home/andrey/proglog-rs)
chdir(/home/andrey/proglog-rs)
chdir(/home/andrey/.local/share/nvim/lazy/fzf-lua/lua/fzf-lua/)
chdir(/home/andrey/proglog-rs)
not found in runtime path: "parser/comment.*"
chdir(/home/andrey/proglog-rs)
chdir(/usr/local/share/nvim/runtime/lua/vim/treesitter/)
chdir(/home/andrey/proglog-rs)
chdir(/home/andrey/proglog-rs)
chdir(/usr/local/share/nvim/runtime/lua/vim/treesitter/)
chdir(/home/andrey/proglog-rs)
chdir(/home/andrey/proglog-rs)
chdir(/home/andrey/.local/share/nvim/lazy/fzf-lua/lua/fzf-lua/)
chdir(/home/andrey/proglog-rs)
chdir(/home/andrey/proglog-rs)
chdir(/home/andrey/.local/share/nvim/lazy/fzf-lua/lua/fzf-lua/)
chdir(/home/andrey/proglog-rs)
chdir(/home/andrey/proglog-rs)
chdir(/home/andrey/.local/share/nvim/lazy/fzf-lua/lua/fzf-lua/previewer/)
chdir(/home/andrey/proglog-rs)
chdir(/home/andrey/proglog-rs)
chdir(/home/andrey/.local/share/nvim/lazy/fzf-lua/lua/fzf-lua/)
chdir(/home/andrey/proglog-rs)
chdir(/home/andrey/proglog-rs)
chdir(/home/andrey/.local/share/nvim/lazy/fzf-lua/lua/fzf-lua/)
chdir(/home/andrey/proglog-rs)
chdir(/home/andrey/proglog-rs)
chdir(/home/andrey/.local/share/nvim/lazy/fzf-lua/lua/fzf-lua/)
chdir(/home/andrey/proglog-rs)
chdir(/home/andrey/proglog-rs)
chdir(/home/andrey/.local/share/nvim/lazy/fzf-lua/lua/fzf-lua/)
chdir(/home/andrey/proglog-rs)
chdir(/home/andrey/proglog-rs)
chdir(/home/andrey/.local/share/nvim/lazy/fzf-lua/lua/fzf-lua/)
chdir(/home/andrey/proglog-rs)
chdir(/home/andrey/proglog-rs)
chdir(/home/andrey/.local/share/nvim/lazy/fzf-lua/lua/fzf-lua/)
chdir(/home/andrey/proglog-rs)
chdir(/home/andrey/proglog-rs)
chdir(/home/andrey/.local/share/nvim/lazy/fzf-lua/lua/fzf-lua/)
chdir(/home/andrey/proglog-rs)
auto-removing autocommand: VimResized <buffer=5>
auto-removing autocommand: WinClosed <buffer=5>
chdir(/home/andrey/proglog-rs)
chdir(src/)
chdir(/home/andrey/proglog-rs)
chdir(/home/andrey/proglog-rs)
chdir(/home/andrey/proglog-rs/src/)
chdir(/home/andrey/proglog-rs)
auto-removing autocommand: BufUnload <buffer=1>
auto-removing autocommand: CursorMoved <buffer=1>
auto-removing autocommand: WinClosed <buffer=1>
chdir(/home/andrey/proglog-rs)
chdir(/home/andrey/.local/share/nvim/lazy/fzf-lua/lua/fzf-lua/)
chdir(/home/andrey/proglog-rs)
chdir(/home/andrey/proglog-rs)
chdir(/home/andrey/.local/share/nvim/lazy/fzf-lua/lua/fzf-lua/)
chdir(/home/andrey/proglog-rs)
chdir(/home/andrey/proglog-rs)
chdir(src/)
chdir(/home/andrey/proglog-rs)
Found a swap file that is not useful, deleting it
chdir(/home/andrey/proglog-rs)
chdir(/home/andrey/.local/share/nvim/lazy/fzf-lua/lua/fzf-lua/)
chdir(/home/andrey/proglog-rs)
chdir(/home/andrey/proglog-rs)
chdir(/home/andrey/.local/share/nvim/lazy/fzf-lua/lua/fzf-lua/)
chdir(/home/andrey/proglog-rs)
Reading ShaDa file "/home/andrey/.local/state/nvim/shada/main.shada" marks
Reading undo file: /home/andrey/.local/state/nvim/undo/%home%andrey%proglog-rs%src%main.rs
chdir(/home/andrey/proglog-rs)
chdir(/usr/local/share/nvim/runtime/lua/vim/)
chdir(/home/andrey/proglog-rs)
chdir(/home/andrey/proglog-rs)
chdir(src/)
chdir(/home/andrey/proglog-rs)
chdir(/home/andrey/proglog-rs)
chdir(vim/)
chdir(/home/andrey/proglog-rs)
chdir(/home/andrey/proglog-rs)
chdir(vim/)
chdir(/home/andrey/proglog-rs)
chdir(/home/andrey/proglog-rs)
chdir(vim/)
chdir(/home/andrey/proglog-rs)
chdir(/home/andrey/proglog-rs)
chdir(vim/)
chdir(/home/andrey/proglog-rs)
chdir(/home/andrey/proglog-rs)
chdir(vim/)
chdir(/home/andrey/proglog-rs)
chdir(/home/andrey/proglog-rs)
chdir(vim/)
chdir(/home/andrey/proglog-rs)
chdir(/home/andrey/proglog-rs)
chdir(vim/)
chdir(/home/andrey/proglog-rs)
chdir(/home/andrey/proglog-rs)
chdir(/home/andrey/.local/share/nvim/lazy/lualine.nvim/lua/lualine/utils/)
chdir(/home/andrey/proglog-rs)
chdir(/home/andrey/proglog-rs)
chdir(src/)
chdir(/home/andrey/proglog-rs)
chdir(/home/andrey/proglog-rs)
chdir(src/)
chdir(/home/andrey/proglog-rs)

Writing ShaDa file "/home/andrey/.local/state/nvim/shada/main.shada"